명칭,주소
평화누리길 4코스 행주나루길,경기도 고양시 덕양구 행주로15번길 89(행주외동)
[무등산 옛길 2구간] 원효사~서석대,광주광역시 북구 무등로 1514-35(금곡동)
유성컨트리클럽,대전광역시 유성구 현충원로 200(덕명동)
천안시 태조산청소년수련관,충청남도 천안시 동남구 태조산길 261 태조산청소년수련관
구미시평생교육원,경상북도 구미시 산호대로 243
마량항,전라남도 강진군 마량면 미항로 157
광명시민체육관 실내경기장,경기도 광명시 오리로 703(하안동)
한탄강 래프팅,강원특별자치도 철원군 갈말읍 삼부연로
동강 래프팅(영월),강원특별자치도 영월군 영월읍 제방안길(영월읍)
금광저수지,경기도 안성시 금광면 금광리(금광면)
한탄강썬래프팅,강원특별자치도 철원군 갈말읍 호국로 5053-1
[서울둘레길 3코스] 고덕·일자산코스,서울특별시 광진구 천호대로 813-2(광장동)
하이원추추파크,강원특별자치도 삼척시 도계읍 심포남길 99
세리월드,제주특별자치도 서귀포시 법환상로2번길 97-17 (법환동)
의왕레일파크,경기도 의왕시 왕송못동로 209
[경기옛길 의주길 제5길] 임진나루길(선유삼거리 ~ 임진각),경기 파주시 문산읍 운천리 산10-15
양천구 둘레길(산림형),서울특별시 양천구 중앙로17길 21(신정동)
시민의 숲 야영장,광주광역시 북구 추암로 190(월출동)
회동수원지 둘레길,부산광역시 금정구 개좌로 147(회동동)
가산글램핑,경상북도 칠곡군 가산면 학하2길 86
밀양VIP오토캠핑장,경상남도 밀양시 단장면 고례3길 10-11
경주오류캠핑장,경상북도 경주시 감포읍 감포로 382-7
양촌여울체험캠프,경상남도 창원시 마산합포구 진전면 의산삼일로 60
505펜션앤키즈캠핑장,충청남도 공주시 사곡면 호계황골길 43
늘푸른쉼터오토캠핑장,경기도 가평군 설악면 어비산길 76
병지방오토캠프장,강원특별자치도 횡성군 갑천면 어답산로 516
마검포힐링캠핑촌,충청남도 태안군 남면 마검포길 313-30
상소오토캠핑장,대전광역시 동구 산내로 748(상소동)
산디마을생태공원캠핑장,대전광역시 대덕구 산디로 190(장동)
산여울오토캠핑장,경상남도 밀양시 산외면 밀양대로 3480
꿈꾸는캠핑장,경상남도 합천군 봉산면 서부로 4326
나무새캠핑장,경기도 포천시 신북면 간자동길 138-74
남해초전마을캠핑장,경상남도 남해군 미조면 동부대로14번길 27-21
스칸디캠프팜,충청남도 보령시 청소면 송덕신송길 229-42
산과별캠핑장,충청남도 공주시 사곡면 부곡산성로 187-10
무지개캠핑장,충청남도 천안시 동남구 문암로 224(안서동)
백미리희망캠핑장,경기도 화성시 서신면 백미길 210-15
대부도캠핑성,경기도 안산시 단원구 부흥로 232-68
미술관옆캠핑장,경기도 양주시 장흥면 권율로 185
돌담캠핑장글램핑,경상남도 창원시 마산합포구 진동면 입곡길 326
미루밸리캠핑장,경상북도 성주군 가천면 법전1길 137
안녕오토캠핑,경상남도 창원시 마산합포구 구산면 안녕로 329
피아골오토캠핑장,전라남도 구례군 토지면 원기양지길 26
캠프향기,대전광역시 동구 산내로 710(상소동)
캠핑플래닛,경기도 포천시 화현면 봉화로 400-134
청계동솔바람야영장,전라남도 곡성군 곡성읍 청계동로 415
춘장대나드리캠핑장,충청남도 서천군 서면 춘장대길8번길 3
호반캠핑장,경상남도 밀양시 산내면 발례1길 103-8
춘장대중앙솔밭캠핑장,충청남도 서천군 서면 춘장대길8번길 7-7
용소캠핑장,경기도 가평군 북면 가화로 2411-32
완도명사십리오토캠핑장,전라남도 완도군 신지면 명사십리61번길 54
용봉산캠핑장,충청남도 홍성군 홍북읍 이응노로 227-13
황산문화체육공원 국민여가캠핑,경상남도 양산시 물금읍 낙동로 295-19
산골캠핑장,강원특별자치도 영월군 무릉도원면 백년계곡길 158
갈천오토캠핑장,강원특별자치도 양양군 서면 구룡령로 1103-12
폭포가있는캠핑장,강원특별자치도 인제군 북면 미시령로 1312
티피캠핑장,강원특별자치도 고성군 죽왕면 괘진길 54
어은돌오토캠핑장,충청남도 태안군 소원면 모항파도로 398-52
두리캠핑장,경기도 여주시 흥천면 이여로 778-10
하늘캠핑장,경기도 양주시 백석읍 양주산성로737번길 114
해오름캠핑장,울산광역시 울주군 서생면 해맞이로 1109-17
화명오토캠핑장,부산광역시 북구 강변대로 1629(덕천동)
문수골산장힐링캠핑장,경기도 김포시 월곶면 문수산로 104-107
송도스포츠캠핑장,인천광역시 연수구 인천신항대로892번길 50(송도동)
김포캠핑파크,경기도 김포시 월곶면 용강로 325
고양CC(고양 컨트리클럽),경기도 고양시 덕양구 흥도로 304-23(도내동)
사계절 낚시터,경기도 용인시 처인구 이동읍 경기동로742번길 56
화원684글램핑,전라남도 해남군 화원면 매봉길 528-8
팜스테이 글램핑 앤 펜션,경기도 가평군 청평면 북한강로1636번길 133
통영 동원리조트 글램핑,경상남도 통영시 산양읍 영운리 산184-1
통영오토캠핑장,경상남도 통영시 용남면 분덕길 156
비토섬신우리조트모던글램핑,경상남도 사천시 서포면 토끼로 245-5
오아시스글램핑,경상북도 경주시 새골길 85-17(구정동)
F1 오토캠핑장,전라남도 영암군 삼호읍 삼포리 1894
세현CC,경기도 용인시 처인구 이동읍 백자로 450
아틀란티스 광주점,광주광역시 광산구 장신로 85 수영빌딩 10층(장덕동)
십자봉오토캠핑장,충청북도 제천시 백운면 덕동로 536
성주산 자연휴양림,충청남도 보령시 성주면 화장골길 57-230
하솜캠프,경기도 포천시 일동면 무리울길 40
용인자연휴양림야영장,경기도 용인시 처인구 모현읍 초부로 220
정화네 불한증막 힐링캠프,전라북도 정읍시 고부면 덕신강길 148-4
녹천캠핑,경기도 가평군 조종면 운악청계로333번길 55-51
삼인낚시터,경기도 용인시 처인구 남사읍 삼인로 150
디투어스캠프클럽,충청북도 제천시 청풍면 청풍명월로 246
박두진문학길,경기도 안성시 금광면 오흥리 산72-5
안석낚시터,경기도 화성시 남양읍 활초길 214-17
백무동파크펜션&글램핑야영장,경상남도 함양군 마천면 가채길 15
진달래 관광농원 캠핑장,충청남도 부여군 옥산면 봉산로56번길 56
향림오토캠핑장,경상남도 밀양시 산내면 얼음골로 134-25
마이산풍혈냉천캠핑장,전라북도 진안군 성수면 용포로 345
연곡낚시터,경기도 양주시 백석읍 연곡로182번길 100
왕골낚시터,경기도 시흥시 방화고개길 70(조남동)
장자원낚시터,경기도 양주시 장흥면 일영로502번길 2-105
살구나무글램핑&펜션,강원특별자치도 횡성군 서원면 경강로 615-19
내촌낚시터,경기도 포천시 내촌면 내진로30번길 64
봉황산자연휴양림 야영장,전라남도 여수시 돌산읍 대복길 160
거북바위 야영장,경기도 양평군 서종면 거북바위1길 185
고령 대가야 카라반,경상북도 고령군 대가야읍 신남로 61
덕풍계곡마을야영장,강원특별자치도 삼척시 가곡면 풍곡안길 17-18
유정관광낚시터,경기도 광주시 도척면 도척로 898-9
우금낚시공원,경기도 포천시 가산면 우금6길 43-44
인현왕후길,경상북도 김천시 증산면 수도리 산 4
거청낚시터,경기도 안성시 대덕면 배꽃길 16
용설낚시터,경기도 안성시 죽산면 용설호수길 174
그루터기캠핑장,강원특별자치도 양양군 서면 구룡령로 1694
을수민박야영,강원특별자치도 홍천군 내면 을수길 187
드비치골프클럽,경상남도 거제시 장목면 거제북로 1573
살둔산장,강원특별자치도 홍천군 내면 살둔길 30-15
아늑한쉼터,강원특별자치도 횡성군 갑천면 어답산로 162
다옴 햇골 캠핑장,강원특별자치도 화천군 사내면 소이길 42
홍천 무네미 별마루 관광농원,강원특별자치도 홍천군 내면 수유동길 635
홍천와캠핑,강원특별자치도 홍천군 내촌면 쌍둔지길 157-7
횡성 온새미로 캠핑장,강원특별자치도 횡성군 청일면 봉명로593번길 76-11
스마트KU골프파빌리온,경기도 파주시 법원읍 보광로 1616
해담구룡령 야영장,강원특별자치도 양양군 서면 구룡령로 2066
밤골야영장,강원특별자치도 영월군 무릉도원면 무릉법흥로 940
어울림펜션 캠핑장,강원특별자치도 영월군 한반도면 문둔길 106
새막골 캠프,강원특별자치도 영월군 무릉도원면 새막골길 72-115
문경새재국민여가캠핑장,경상북도 문경시 문경읍 새재1길 47
별빛캠핑장,강원특별자치도 영월군 무릉도원면 양지마을길 38-11
세종필드 골프클럽,세종특별자치시 정안세종로 1569(산울동)
오카나간캠핑장,경기도 가평군 설악면 가일리 258-1
국립용화산자연휴양림,강원특별자치도 춘천시 사북면 사여골길 294
K3바다낚시터,경기도 안산시 단원구 작은상재미길 86(대부동동)
벨루아,충청북도 청주시 청원구 성산2길 196-40
정원 캠핑장,강원특별자치도 영월군 무릉도원면 도원운학로 871
대부해솔길 7코스,경기도 안산시 단원구 한사위길 60(대부남동)
서핑존,경기도 오산시 세마역로41번길 19(세교동)
개똥이네캠핑장,강원특별자치도 홍천군 북방면 원소길 25
춘천하늘캠핑장,강원특별자치도 춘천시 서면 방동1길 315
툇골 캠핑장,강원특별자치도 춘천시 서면 툇골길 413-52
흥정계곡오토캠핑장,강원특별자치도 평창군 봉평면 흥정계곡4길 6-2
아델리아,경상북도 경주시 하동분접안길 14-13(하동)
소백산꽃가람야영장,경상북도 영주시 풍기읍 삼가로 407-7
자연의꿈,경기도 파주시 법원읍 초리골길 248
매일민박캠핑장,강원특별자치도 철원군 근남면 하오재로 1531
피노키오 자연휴양림 야영장,강원특별자치도 원주시 신림면 황둔리 903
숲속 동키마을 캠핑장,강원특별자치도 홍천군 남면 시동로 764-63
평인일주도로,경상남도 통영시 평림동 957-1
이천실크밸리GC,경기도 이천시 율면 임오산로 296
히트 실내 바다낚시터,경기도 김포시 양촌읍 황금로24번길 91-15
누산수로,경기도 김포시 양촌면 누산리 1063-168
영흥도장경리솔숲,인천 옹진군 영흥면 내리 1665-48
선재바다낚시공원,인천광역시 옹진군 영흥면 선재로226번길 164
서인천25시야구센터,인천광역시 서구 봉수대로501번길 32(원창동)
히든밸리GC,충청북도 진천군 백곡면 소토골길 61
코스카CC,충청북도 음성군 음성읍 동음로 318
도시바다낚시터,경기도 고양시 덕양구 고골길116번길 14-67(관산동)
알펜시아리조트 눈썰매장,강원특별자치도 평창군 대관령면 솔봉로 325
심학산 둘레길,경기도 파주시 산남동 산31
해안거님길,경상남도 거제시 일운면 옥림4길 11
잭니클라우스GC코리아,인천광역시 연수구 아카데미로 209(송도동)
토영이야길2코스,경상남도 통영시 미수동 산62-5(미수동)
신정호 산책로,충청남도 아산시 신정로 616(방축동)
청계천 자전거도로,서울특별시 성동구 마장동 294
한강레져스포츠,서울특별시 영등포구 여의동로 280(여의도동)
지리산둘레길 14코스 대축~원부춘,경상남도 하동군 악양면 입석리 산38-2
지리산둘레길 10코스 위태-하동호,경상남도 하동군 옥종면 궁항리 1230
지리산둘레길 19코스 오미-방광,전라남도 구례군 마산면 황전리 837-1
지리산둘레길 9코스 덕산-위태,경상남도 산청군 시천면 중태리  864
월든캠프,강원특별자치도 양양군 손양면 동명로 321-20
춘천별빛캠핑장,강원특별자치도 춘천시 동내면 원창고개길 96-3
우니메이카 가평점,경기도 가평군 가평읍 경반안로 223
불영계곡캠핑장,경상북도 울진군 울진읍 불영계곡로 2758
안목커피거리카라반캠핑,강원특별자치도 강릉시 경강로 2643(견소동)
태백눈꽃야영장,강원특별자치도 태백시 태백산로 4769(소도동)
연포분교야영장,강원특별자치도 정선군 신동읍 연포길 544-6
구곡폭포 국민여가 캠핑장,강원특별자치도 춘천시 남산면 강촌구곡길 324
사계절랜드파크마검포텐트오토캠핑야영장,충청남도 태안군 남면 마검포길 335
아이사랑캠핑장,충청남도 보령시 주산면 사작골길 63-13
덕산참숯랜드,충청남도 예산군 덕산면 노곡길 55
숲속야영장(병방치글램핑),강원특별자치도 정선군 정선읍 병방치길 225
하너미 캠핑장,충청북도 충주시 앙성면 하너미로 501-3
성북구 삼척수련원,강원특별자치도 삼척시 근덕면 상맹방길 398-4
몽골캠핑장,강원특별자치도 홍천군 내면 밤바치길 737
원주웰빙캠프,강원특별자치도 원주시 신림면 신림황둔로 714-2
문경 단산 숲속 캠핑장,경상북도 문경시 문경읍 활공장길 585
(주)수피아캠핑카라반,강원특별자치도 홍천군 서면 한서로 2141-16
코뿔소글램핑,강원특별자치도 평창군 방림면 삼형제길 279-61
그레이스글램핑,강원특별자치도 춘천시 남산면 북한강변길 888
산내자연캠프,경상북도 경주시 산내면 대현동골길 80-19
힐링오름캠핑장,경상북도 고령군 덕곡면 덕운로 1081
스카이랜드리조트,인천광역시 강화군 삼산면 삼산남로 991
스페인마을 카라반,인천광역시 강화군 화도면 해안남로 2669
마노아워터캠핑장,경상남도 합천군 봉산면 압곡3길 9
리썸카라반 (마농왓 노을),제주특별자치도 서귀포시 대정읍 일과대수로27번길 12
경상북도교육청 포항산누리오토캠핑장,경상북도 포항시 북구 죽장로 2805
맨하탄수상레져,경기도 가평군 청평면 대성리산250
스티븐승마클럽,경기도 이천시 호법면 후안리
군산 패러글라이딩 스쿨,전라북도 군산시 성산면 마동1길 5-22
피터팬승마캠프,전라북도 군산시 성산면 송호로 128
늘푸른숲,부산광역시 금정구 체육공원로 270 (선동)
올림픽공원 SK올림픽핸드볼경기장,서울특별시 송파구 올림픽로 424 (방이동)
어등산승마클럽,광주광역시 광산구 고봉로185번길 50 (산정동)
금오산야영장,경상북도 구미시 남통동343-1
경주레져,경상북도 경주시 북군동
문경새재도립공원사계절썰매장,경상북도 문경시 문경읍 상초리
태광 컨트리클럽,경기도 용인시 기흥구 흥덕4로 77(신갈동)
청량산 트레킹,경상북도 봉화군 명호면 광석길 39
광명스피돔,경기도 광명시 광명로 721 광명시돔경륜장
[북한산 둘레길] 3 흰구름길,서울특별시 강북구 수유동(수유동)
동해 논골담길 (등대 담화마을),강원특별자치도 동해시 일출로 97(묵호진동)
88컨트리클럽,경기도 용인시 기흥구 석성로521번길 169(청덕동)
아난티 중앙 골프클럽,충청북도 진천군 백곡면 배티로 818-105(배티동)
무주래프팅,전라북도 무주군 무주읍 잠두길 5-11
금이낚시터,경기도 시흥시 금이진말길 133(금이동)
평택시 실내수영장,경기도 평택시 평남로 616(합정동)
서울특별시립수서청소년수련관,서울특별시 강남구 광평로 144(수서동)
오크밸리스키장,강원특별자치도 원주시 지정면 오크밸리2길 58
산정낚시터,경기도 시흥시 피울길 173(산현동)
YELLOW HILL,강원특별자치도 춘천시 동산면 종자리로 224-24
조나단 패러글라이딩 스쿨,강원특별자치도 평창군 평창읍 노람들길 209-5
가평TOP랜드 번지점프,경기도 가평군 가평읍 북한강변로 1044-15(가평읍)
계족산 황톳길,대전광역시 대덕구 장동 산85
신촌낚시터,경기도 화성시 매송면 매송북길 282
토토큰바위캠핑장,경기도 가평군 북면 화악산로 1246
W홀스랜드,경기도 가평군 상면 물골길 391
성동힐링센터 휴영월캠프,강원특별자치도 영월군 영월읍 동강로 1488-23
신풍리 밭담길,제주특별자치도 서귀포시 성산읍 신풍하동로 39
용인수상스키장,경기도 용인시 처인구 이동읍 어진로 765
곤달비캠핑장,경상북도 경주시 산내면 하신길 58-31
문복산캠핑장,경상북도 경주시 산내면 문복로 333-199
고성잔디캠핑장,경상남도 고성군 하일면 공룡로 1287
북한산농바위캠핑장,경기도 고양시 덕양구 북한산로387번길 180(지축동)
보물섬캠핑장,강원특별자치도 평창군 봉평면 거품소길 349-6
금산인삼골오토캠핑장,충청남도 금산군 제원면 달고개길 124
굴전여가캠핑장,전라남도 여수시 돌산읍 돌산로 3017-15
산마루캠핑장,경기도 포천시 이동면 금강로 6584-20
상상마당논산아트캠핑빌리지,충청남도 논산시 상월면 한천길 15-11
스카이운학오토캠핑장,충청북도 제천시 백운면 운학길 87
쌍곡예당,충청북도 괴산군 칠성면 쌍곡로1길 111
숲속애캠핑장,경상남도 함양군 백전면 함양남서로 2655
솔섬캠프장,강원특별자치도 평창군 봉평면 수림대길 57-5
아잘리아그린캠핑장,충청남도 당진시 대호지면 대호나루터길 105-75
에코캠프오토캠핑장,전라북도 완주군 동상면 대아수목로 144-1
캠프리카오토캠핑장,경기도 양주시 백석읍 기산로440번길 147
주작산별소리캠핑장,전라남도 강진군 신전면 삼인길 102-79
전원일기마을캠핑장,경기도 양주시 장흥면 일영로327번길 227-15
의령벽계야영장,경상남도 의령군 궁류면 벽계로 201
산여울캠프장,강원특별자치도 영월군 무릉도원면 백년계곡길 142
검디관광농원캠핑장,인천광역시 강화군 길상면 동검길 159-47
피노키오캠핑장,강원특별자치도 원주시 신림면 소야1길 72
진밭골향기캠핑장,강원특별자치도 원주시 문막읍 취병로 638-3
연인산다목적캠핑장,경기도 가평군 북면 백둔로 441
철이네캠핑랜드,경기도 용인시 처인구 백암면 용천로 205
젤리캠핑,경기도 안산시 단원구 중우물1길 12(대부남동)
지리산리조트글램핑,경상남도 산청군 시천면 지리산대로511번길 11-33
모래재캠핑장,충청북도 괴산군 사리면 모래재로 483-12
귤빛캠핑장,제주특별자치도 제주시 조천읍 함와로 428
강원평화누리길 7코스 화천 한묵령길,강원특별자치도 화천군 화천읍 화천새싹길 45
합천라온오토캠핑장,경상남도 합천군 용주면 가호월평길 2
팜스토리,경상북도 청도군 운문면 운북로 443-18
경주초우오토캠핑장,경상북도 경주시 산업로 3549-30(동방동)
소막골야영장,경상남도 산청군 삼장면 대원사길 252
월악산광천민박펜션,충청북도 제천시 덕산면 월악산로5길 18-1
연지곤지캠핑장,경상북도 청도군 운문면 운문로 1158-18
공주한옥마을 웅진오토캠핑장,충청남도 공주시 관광단지길 12(웅진동)
강원평화누리길 10코스 양구 두타연길,강원특별자치도 양구군 양구읍 관공서로 38
추동캠프,경기도 포천시 창수면 포천로2811번길 194
가평카라반캠핑농원,경기도 가평군 가평읍 문화로 291-25
선바위자연캠핑장,강원특별자치도 횡성군 갑천면 병지방리 산20-9
힐링레저캠핑장&글램핑,경기도 가평군 가평읍 북한강변로 516
자연애스토리,전라남도 나주시 문평면 학교평전길 122
별찌야영장,경상북도 청도군 운문면 신원4길 2
스톤엑스캠핑장,강원특별자치도 홍천군 남면 남노일로 1164-22
아빠랑 놀자,경상남도 합천군 삼가면 동리외초길 223
서울윈드서핑장,서울특별시 광진구 강변북로 2140(자양동)
월계수 캠핑장,경상북도 경주시 산내면 문복로 758
토리아이글램핑,강원특별자치도 홍천군 서면 설밀길 190-20
Camp 1950,경상북도 김천시 대덕면 남김천대로 160
애플글램핑,전라남도 장성군 북하면 담장로 1279
강원평화누리길 14코스 인제 인제길,강원특별자치도 인제군 인제읍 인제로187번길 8
영암글램핑,전라남도 영암군 시종면 신학1로 47
잣향기푸른숲캠핑장,경기도 가평군 상면 축령로 183-53
알파카스테이,강원특별자치도 홍천군 화촌면 가락재로 192
양양포레스트캠핑장,강원특별자치도 양양군 현북면 검소길 117
지산CC,경기도 용인시 처인구 원삼면 죽양대로2000번길 60
두곡해수욕장야영장,경상남도 남해군 남면 남면로111번길 91
화성GC,경기도 화성시 남양읍 화성로 1393-27
무주구천동캠핑장,전라북도 무주군 설천면 원심곡1길 11
무주 솔밭야영장,전라북도 무주군 안성면 원통사로 294
대가야체험캠프,경상북도 고령군 대가야읍 신남로 61
가평 황정민키즈글램핑,경기도 가평군 조종면 명지산로 531
조개섬 야영장,경상남도 하동군 고전면 월진길 115-77
강원평화누리길 15코스 인제 북면길,강원특별자치도 인제군 인제읍 인제로187번길 8
맑은개울캠핑장,경상북도 상주시 화서면 하송3길 178-5
성당포구금강체험관야영장,전라북도 익산시 성당면 성당로 762
캠핑하우스,충청남도 천안시 동남구 용곡1길 98(용곡동)
다인리조트 카라반,제주특별자치도 제주시 애월읍 애월해안로 400-9
깊이울달빛캠핑장,경기도 포천시 신북면 깊이울로 200
남원백두대간힐링캠핑장,전라북도 남원시 운봉읍 행정공안길 299
노꼬담꼬,경상북도 경주시 산내면 감존길 390-65
쉬리마을캠핑장,강원특별자치도 철원군 김화읍 김화로 633-17
무네미낚시터,경기도 포천시 군내면 유교로88번길 43
보물섬 캠핑장,경상남도 남해군 남면 남면로1229번길 10-34
사과향기캠핑장,경상남도 밀양시 산내면 얼음골옛길 347-12
산호야관광농원,경상북도 구미시 옥성면 선상서로 797
산우물쉼터,경기도 안성시 양성면 산정산우물길 172-16
베이스캠프(강릉),강원특별자치도 강릉시 사천면 해안로 940-12
변산리조트,전라북도 부안군 변산면 격포로 453-10
은행마을,충청남도 보령시 청라면 오서산길 150-65
돌고래하우스카라반,제주특별자치도 서귀포시 이어도로 826-58(강정동)
물내치기,강원특별자치도 강릉시 왕산면 노추산로 1151-5
그랑블루 글램핑야영장,강원특별자치도 양양군 강현면 동해대로 3273-5
태양과 바다 캠핑장,강원특별자치도 양양군 현남면 북죽로 110-37
다리안관광지 캠핑장,충청북도 단양군 단양읍 소백산등산길 12
다목적광장 야영장,경기도 양평군 양동면 양서동로 224
플레이랜드 캠핑장,경기도 파주시 광탄면 보광로538번길 21
노벨CC(고성노벨컨트리클럽),경상남도 고성군 회화면 회진로 567
동그라미캠핑장,강원특별자치도 횡성군 안흥면 실미송한길 367-24
화천 휴캠핑장,강원특별자치도 화천군 화천읍 산수화로 164-80
감악산낚시터 레저타운,경기도 파주시 적성면 감골길 48
대현캠핑장,충청북도 제천시 봉양읍 명암로 692
동강아름캠프,강원특별자치도 영월군 김삿갓면 영월동로 2435
물마루 캠핑장,강원특별자치도 영월군 무릉도원면 두산길 106
별이 빛나는 밤에 펜션 캠핑,강원특별자치도 영월군 무릉도원면 무릉법흥로 1090
조선왕가 로얄 카바나,경기도 연천군 연천읍 현문로 339-10
영월 동강오토캠핑장,강원특별자치도 영월군 영월읍 둥글바위길 33
수희재 캠프,강원특별자치도 영월군 무릉도원면 무릉법흥로 1078-20
메타피아오래캠핑장,경기도 가평군 북면 화악산로 233
대동 낚시터,충청남도 아산시 음봉면 음봉로337번길 7-75
마정 낚시터 (마정지 낚시터),충청남도 천안시 서북구 직산읍 금곡로 176
화강 수변 오토캠핑장,강원특별자치도 철원군 김화읍 학사리 680
바다여행캠핑장,충청남도 태안군 원북면 옥파로 1059-16
바다의 별 관광농원,경기도 안산시 단원구 부흥로 359-9(대부남동)
단양 사계절썰매장,충청북도 단양군 단양읍 삼봉로 421-59
수주팔봉 야영지,충북 충주시 대소원면 문주리 산 1-1
포안캠핑,강원특별자치도 영월군 무릉도원면 두산길 120
미산분교 캠핑장,강원특별자치도 인제군 상남면 내린천로 1622
사나래카라반펜션 산내점,경상북도 경주시 산내면 대현길 351
아우라지관광지,강원특별자치도 정선군 여량면 아우라지길 69
아프리카예술박물관캠핑장,경기도 포천시 소흘읍 광릉수목원로 975
화도낚시공원,경기도 남양주시 화도읍 경춘로2414번길 50-14
A&J오토캠핑장,강원특별자치도 원주시 지정면 안창리 산56-3
황학동캠핑장,강원특별자치도 원주시 신림면 구학산로 1456-6
정선군생태체험학습장야영장,강원특별자치도 정선군 정선읍 동강로 2914
매봉힐링쉼터오토캠핑장,강원특별자치도 원주시 신림면 창촌길 132
힐스톤 캠핑장,강원특별자치도 영월군 주천면 금용강변로 34-13
구룡레져타운야영장,강원특별자치도 원주시 소초면 치악로 3403
상상글램퍼스,경기도 양평군 옥천면 용천리 155-18
성호낚시터,경기도 이천시 설성면 성호로 72
베스트필드,충청남도 공주시 반포면 동학사1로 65
별드림캠핑장,경기도 가평군 가평읍 당목가일길 515
호명산드라이브코스,경기도 가평군 청평면 호반로 9
썬밸리워터파크,경기도 여주시 강변유원지길 45(연양동)
하이원워터월드,강원특별자치도 정선군 사북읍 하이원길 265
약수골 캠프촌 숲속캠핑장,강원특별자치도 양구군 동면 후곡리 299
선성수상길,경상북도 안동시 도산면 선성길 14
스카이72GC드림듄스코스,"인천광역시 중구 영종해안북로847번길 42(운서동,스카이72)"
내장산골프앤리조트,전라북도 정읍시 첨단과학로 476(신정동)
서포리웰빙삼림욕산책로,인천광역시 옹진군 덕적면 덕적남로606번길 6
지리산수상레저,전라남도 구례군 산동면 구만제로 677
지리산둘레길 7코스 성심원-운리,경상남도 산청군 단성면 청계리 산149
카우보이 캠핑장,강원특별자치도 횡성군 갑천면 어답산로 135
큐브빌리지글램핑,전라남도 강진군 대구면 청자로 1339-74
인제소재골야영장,강원특별자치도 인제군 북면 냇강효자길 366
해울림영농조합법인,전라남도 고흥군 금산면 평산길 94
숲속 캠핑장(부귀산장펜션),전라북도 진안군 부귀면 귀상로 792-23
가로림글램핑,충청남도 서산시 팔봉면 범머리길 80
세울터 오토캠핑장,충청남도 홍성군 서부면 홍남서로362번길 46
양주캠핑(구 양주그린캠프),경기도 양주시 칠봉산로168번길 290(회암동)
월등도 캠핑장,경상남도 사천시 서포면 월등도길 36
함양라온캠핑장,경상남도 함양군 서하면 육십령로 2991
답게,강원특별자치도 화천군 사내면 화악산로 621-6
청풍호반 오토캠핑장,충청북도 제천시 청풍면 용곡길211번길 2
하조대캠핑카,강원특별자치도 양양군 현북면 하조대2길 48-40
영월한반도캠핑장,강원특별자치도 영월군 한반도면 후탄로 826
징검다리 캠핑장,경상북도 고령군 우곡면 도진3길 26-13
군위전투전승기념공원 캠핑장,대구광역시 군위군 삼국유사면 동부로 81
늘솔길캠핑장,강원특별자치도 춘천시 동면 야시대로 1502
I go 오토캠핑장,경상북도 청도군 매전면 온장길 123-46
성주선바위캠핑장,경상북도 성주군 금수면 성주로 15-4
이화만리캠핑장,경상북도 김천시 농소면 벽봉로 1651
새움정,경상북도 예천군 보문면 옥천길 30
성보촌 캠핑장,경상북도 문경시 호계면 상무로 377
참살이가족캠핑장,경기도 안성시 보개면 신장길 184
서울 서초 글램핑 청계산장,서울특별시 서초구 청계산로 140-94(원지동)
행운야영장(양주두리캠핑),경기도 양주시 마전로212번길 79-72(마전동)
사강스마트팜캠핑장,경기도 화성시 송산면 송산포도로 194
좋은카라반,경상남도 밀양시 삼랑진읍 행곡3길 65-34
J글램핑,경상남도 사천시 서포면 거북길 468-116
뇌운계곡글램핑,강원특별자치도 평창군 평창읍 뇌운계곡로 659-6
라플란드,강원특별자치도 평창군 봉평면 흥정계곡4길 71-70
평창하늘캠핑장,강원특별자치도 평창군 봉평면 흥정계곡4길 71-8
평창 자연속쉼표캠핑장,강원특별자치도 평창군 봉평면 흥정계곡4길 171-10
가창실내테니스장,대구광역시 달성군 가창면 옥분리
고고랜드롤러스케이트장 일산본점,"경기도 고양시 일산서구 일현로 97-11 (탄현동, 일산 위브더제니스)위브더제니스스퀘어 1동 B203호"
짚 스카이라운지,충청남도 보령시 해수욕장10길 79 (신흑동)
대천 국가대표 패러글라이딩,충청남도 보령시 남포면 창동1길 119-91층
배다골테마파크수영장,경기도 고양시 덕양구 배다골길 131 (화정동)
천학정스쿠버리조트,강원특별자치도 고성군 토성면 천학정길 39
와니엘배팅센터,경기도 고양시 일산서구 가좌로 62 (가좌동)원스타베이스볼아카데미
파주스피드파크,경기도 파주시 파평면 청송로652번길 42-191
경기레포츠클라이밍,경기도 용인시 기흥구 흥덕1로 13 (영덕동)흥덕IT밸리 흥덕IT밸리 (영덕동)
만촌자전거경기장,대구광역시 수성구 만촌동
만촌인라인롤러스케이트장,대구광역시 수성구 만촌동만촌로울러경기장
비슬승마체험장,대구광역시 달성군 옥포읍 기세리
겨울세상,강원특별자치도 정선군 고한읍 고한로 83
J퍼블릭,경기도 파주시 조리읍 장곡로 100(조리읍)
명지산 트레킹,경기도 가평군 북면 도대리 일원
[대구올레 팔공산 1코스] 북지장사 가는 길,대구광역시 동구 도장길 10(도학동) 도장마을입구
푸른솔 골프클럽 포천,경기도 포천시 가산면 금우로 276(가산면)
주문리어촌계,강원특별자치도 강릉시 주문진읍 주문북로(주문진읍)
광주북구청소년수련관,광주광역시 북구 대천로 86(문흥동)
오케이 승마장,제주특별자치도 서귀포시 표선면 번영로 2595
한림용인CC,경기도 용인시 처인구 남사읍 경기동로 628
제일컨트리클럽,경기도 안산시 상록구 태마당로 28(부곡동)
철원관광레저,강원특별자치도 철원군 갈말읍 갈말로 358
한여울 5코스,강원특별자치도 철원군 철원읍 사요길 167(철원읍)
하화도 꽃섬길,전라남도 여수시 화정면 아랫꽃섬1길 1
만천하 스카이워크,충청북도 단양군 적성면 옷바위길 10
해파랑길 44코스,강원특별자치도 양양군 손양면 수산리 89-3
그린하우스캠핑장,경상북도 경주시 산내면 대현길 92
고사포야영장,전라북도 부안군 변산면 변산해변로 765
김해생림오토캠핑장,경상남도 김해시 생림면 금곡로382번길 39
벨라캠핑장,경기도 동두천시 탑신로237번길 39
명암오토캠핑장,충청북도 제천시 봉양읍 명암리 605-24
삼원레저타운캠핑장,충청남도 서산시 팔봉면 진장서낭골길 203-14
서천파인트리글램핑,충청남도 서천군 서면 갯벌체험로 295-12
서천해양캠핑장글램핑장,충청남도 서천군 서면 서인로 288-19
느티나무그늘아래캠핑장,경기도 파주시 문산읍 사목로108번길 63-11
대천용두오토캠핑장,충청남도 보령시 웅천읍 열린바다로 100-50
솔내음야영장,충청남도 서천군 서면 도둔리 1233
대부도나라펜션캠핑장,경기도 안산시 단원구 장불길 31-23
도레미캠핑장,충청북도 괴산군 불정면 관동로세평4길 24
밀양사계절오토캠핑장,경상남도 밀양시 산외면 표충로 9
둘레길캠핑장,충청남도 태안군 이원면 꾸지나무길 37-37
오션포레,경상남도 고성군 회화면 회진로 321
수덕캠핑장,충청남도 예산군 덕산면 노곡길 15
해자연캠핑장,경기도 남양주시 오남읍 팔현로175번길 310-60
청풍호오토캠핑장,충청북도 제천시 금성면 청풍호로39길 103
지리산내원자동차야영장,경상남도 산청군 삼장면 대포리 산106-2
진경원민박캠핑장,충청남도 당진시 순성면 대촌2길 111-30
용두산오토캠핑장,충청북도 제천시 명암로 1040
황매산오토캠핑장 제1캠핑,경상남도 합천군 가회면 황매산공원길 331
상우농장야영장,강원특별자치도 영월군 무릉도원면 무릉법흥로 994-23
소금강오토캠프장,강원특별자치도 강릉시 연곡면 소금강길 449
채움리조트카라반,경기도 포천시 이동면 화동로 2496-22
마리원캠프,인천광역시 강화군 길상면 장흥로101번길 6
달콤한캠핑장,강원특별자치도 홍천군 내촌면 비선동길 121-29
캠프스테이,경기도 가평군 설악면 가마소길 17-500
도둑골캠핑장,경상남도 하동군 옥종면 호계천로 224
작은쉼터캠핑장,경기도 시흥시 죽율로 25(죽율동)
둥지펜션캠핑장,경상북도 청도군 운문면 운문로 1212
영월지구별캠프,강원특별자치도 영월군 무릉도원면 무릉법흥로 1104
황매산미리내파크오토캠핑장,경상남도 산청군 차황면 황매산로1138번길 215
후평숲캠핑장,충청북도 괴산군 청천면 후평도원로 129-19
국민운문산자연휴양림야영장,경상북도 청도군 운문면 운문로 763
청양고운캠핑장,충청남도 청양군 청양읍 식물원길 398-1
힐링가평오토캠핑장,경기도 가평군 상면 청군로 316
(주)쉐르빌리안티티,강원특별자치도 홍천군 서면 밤벌길19번길 111
태백구문소힐링캠프,강원특별자치도 태백시 태백로 2417(동점동)
삼정야영장,경상남도 합천군 가야면 가야산로 1645-8
헤스티아,경기도 가평군 청평면 북한강로 2245
얼음골캠핑장,경상남도 밀양시 산내면 하양지안길 11-19
청도군 자전거공원 캠핑장,경상북도 청도군 청도읍 유호리 39-5
만정낚시터,경기도 안성시 공도읍 만수동길 53-8
에이원승마클럽,경기도 화성시 봉담읍 생수길 96
숲속가든캠핑장,경상남도 사천시 사남면 삼상로 832
썬빌리지펜션캠핑장,경상북도 포항시 남구 호미곶면 호미로 1188
수락베이스캠프,충청남도 논산시 벌곡면 수락계곡길 242
소풍가는날펜션 오토캠핑장,충청북도 제천시 백운면 덕동로 131
옥수골계곡펜션야영장,전라북도 무주군 적상면 옥소동길 52
온새미캠핑장,경기도 동두천시 천보산로 537(탑동동)
유수암 캠핑장,제주특별자치도 제주시 애월읍 하소로 684-25
별다리캠핑,경기도 가평군 북면 꽃넘이길 23-17
운문사계절 캠핑장,경상북도 청도군 운문면 운문로 1742
자연과함께 펜션캠핑장,강원특별자치도 영월군 무릉도원면 무릉법흥로 968-31
캠핑아이,전라남도 영광군 백수읍 법백로 39
송가네 오가리캠핑장,경기도 포천시 창수면 전영로1023번길 115
파주쇠꼴마을고고캠핑장,경기도 파주시 법원읍 술이홀로 1338-38
팔봉산관광지 야영장,강원특별자치도 홍천군 서면 한치골길 1122-48
뉴욕카라반,강원특별자치도 속초시 동해대로 3847-7(대포동)
영덕더스트림카라반야영장,경상북도 영덕군 강구면 영덕대게로 579
디데이펜션,강원특별자치도 홍천군 서면 안굴업길 39-13
열두달캠핑장,경기도 가평군 북면 멱골로 202-101
보물섬손맛낚시터,경기도 고양시 덕양구 대곡길 31-8(내곡동)
용수그린랜드,경기도 가평군 조종면 운악청계로491번길 87
우리꽃캠핑장,경기도 용인시 기흥구 신정로301번길 65(보정동)
융프라우오토캠핑장,경기도 가평군 설악면 어비산길 201-27
드위트리글램핑,강원특별자치도 정선군 남면 지장천로 146-47
월악산국립공원 덕주야영장,충청북도 제천시 한수면 미륵송계로 1647
도래재별빛마을캠핑장,경상남도 밀양시 단장면 도래재로 578-10
해솔리아CC,경기도 용인시 처인구 이동읍 백자로297번길 74
물한계곡소나무펜션,충청북도 영동군 상촌면 물한6길 8-1
돌머리오토캠핑장,전라남도 함평군 함평읍 주포로 600-29
들음카라반캠핑장,전라남도 장성군 북하면 가인길 59-9
기흥CC,경기도 화성시 풀무골로106번길 244(신동)
바다로글램핑,인천광역시 강화군 화도면 해안남로 2421-228
무주글램핑,전라북도 무주군 설천면 구천동1로 138
서신바다낚시터,경기도 화성시 서신면 송교리 42-5
가평사계절캠핑장,경기도 가평군 북면 가화로 988
백운힐링 캠핑장,경기도 포천시 이동면 포화로 318
증산수도계곡캠핑장,경상북도 김천시 증산면 수도길 25
지리산천왕봉야영장,전라북도 남원시 산내면 지리산로 1241
천하마을야영장,경상남도 남해군 미조면 송정리 1379
무주네버랜드,전라북도 무주군 무풍면 구천동로 289-55
청도프로방스 카라반캠핑카펜션,경상북도 청도군 화양읍 이슬미로 297-41
까치양어장,경기도 시흥시 수인로2107번길 146(조남동)
홀스킹덤 글램핑,경기도 포천시 내촌면 소리개길 108-13
마노힐링캠프,경기도 용인시 처인구 동부로729번길 112(해곡동)
명성산글램핑,경기도 포천시 영북면 산정호수로 1017
매화둠벙마을영농조합법인,충청남도 태안군 원북면 동해길 301-41
지리산 대경캠핑장,경상남도 산청군 시천면 지리산대로 855
글램핑스토리,경상남도 합천군 가야면 구미가천로 345-1
느티나무야영장,경상남도 산청군 삼장면 대원사길 807
깃대캠핑장,충청북도 보은군 마로면 세중기대로 261-128
깊이울유원지캠핑장,경기도 포천시 신북면 깊이울로 221
네스트캠핑,
위크팜글램핑,경기도 가평군 상면 원흥길 37-6
큐로CC,경기도 광주시 곤지암읍 오향길 180
서핑라이더 분당점,경기도 광주시 오포읍 능평로 116-21
칠봉산 낚시터,경기도 양주시 천보산로 201(회암동)
프리지언클럽앤리조트,경기도 용인시 처인구 모현읍 왕림로50번길 69-59
와우파크,강원특별자치도 강릉시 사천면 공회당길 7-13
사나래카라반캠핑장,경상북도 포항시 남구 장기면 동해안로 2932-1
산장펜션캠핑장,경상북도 경주시 산내면 대현길 132
산책,경기도 가평군 북면 화악산로 943-36
길명낚시공원,경기도 포천시 일동면 영일로 316
뿌리공원캠핑장,대전광역시 중구 뿌리공원로 47(안영동)
사촌해수욕장야영장,경상남도 남해군 남면 남면로1229번길 44
소금강마을에코센터 오토캠핑장,강원특별자치도 강릉시 연곡면 진고개로 1826-11
별헤는 밤(제주),제주특별자치도 제주시 애월읍 광상로 348
문서프,제주특별자치도 제주시 애월읍 곽지7길 1
초원낚시터,경기도 포천시 자작로3길 85(자작동)
꽃주렁나무주렁캠핑장,경기도 용인시 처인구 이동읍 경기동로1024번길 40
평사리공원 야영장,경상남도 하동군 악양면 평사리 77
팔봉갯벌체험야영장,충청남도 서산시 팔봉면 범머리길 408
글램핑클럽레스피아,강원특별자치도 홍천군 북방면 구룡밭길 24-30
쎄시봉,경기도 양평군 강상면 독배길 32-25
에코그린캠핑장,제주특별자치도 제주시 애월읍 중산간서로 5587
샘골솔밭야영장,강원특별자치도 홍천군 내면 구룡령로 6928
청일관광농원,강원특별자치도 횡성군 청일면 속실길 20
늘편한캠핑장,강원특별자치도 홍천군 두촌면 황병고개길 25-10
횡성 노다지야영장 불타는 삼촌,강원특별자치도 횡성군 청일면 춘당로 232
더숲관광농원캠핑장,인천광역시 강화군 길상면 보리고개로 187-5
횡성산울림오토캠핑장,강원특별자치도 횡성군 청일면 청일로895번길 127
아미가골프장,경기도 파주시 동서대로 700(야당동)
블루원상주골프리조트,경상북도 상주시 모서면 화현3길 127
삼락수상레포츠타운,부산광역시 사상구 삼락동 29-21
인서울27 골프클럽,서울특별시 강서구 오정로 443-198(오곡동)
대기농촌체험휴양마을,경상남도 합천군 가회면 대기2길 17-3
내리금봉캠핑장,강원특별자치도 영월군 김삿갓면 내리계곡로 1146
동검도노을캠핑장,인천광역시 강화군 길상면 동검길 159-13
무릉도원 캠핑장,강원특별자치도 영월군 무릉도원면 고일길 15-5
상순네 오토캠핑장,강원특별자치도 영월군 중동면 고장골길 76-6
룩스글램핑앤팜,경상북도 안동시 도산면 양평길 23-56
만리포미소카라반,충청남도 태안군 소원면 만리포2길 112-1
오목 낚시터(신창 오목 낚시터),충청남도 아산시 신창면 서부남로675번길 48
스토피아아카데미,경기도 성남시 수정구 동판교로 308(사송동)
더시크릿가든 캠프지라운드,강원특별자치도 춘천시 남산면 방하로 297
하늘그린캠프,강원특별자치도 인제군 상남면 아홉사리로 2505-16
호반캠핑장,강원특별자치도 춘천시 영서로 3189(신동)
소백산국립공원남천야영장,충청북도 단양군 영춘면 남천계곡로 381-7
양평 플라워카라반펜션,경기도 양평군 단월면 석산로 1543-9
조부장 바다낚시터,경기도 안산시 단원구 구봉길 55(대부북동)
산들바다관광농원,경상남도 고성군 동해면 외산로 330
베뉴지CC,경기도 가평군 가평읍 용추로171번길 100
동촌GC,충청북도 충주시 노은면 감노로 1327
백제CC,충청남도 부여군 은산면 충절로 3734-82
젠스필드CC,충청북도 음성군 삼성면 덕호로 382
클럽디 보은,충청북도 보은군 보은읍 장속중초로 386
고담낚시터,경기도 이천시 진상미로2192번길 217(고담동)
리버포인트 수상레저,경기도 가평군 청평면 호반로 474
용궐산하늘길,전라북도 순창군 동계면 장군목길 562
스카이72GC하늘코스,인천광역시 중구 공항동로 392(운서동)
가좌산대나무숲길,경상남도 진주시 진주대로629번길 15-32(가좌동)
지리산둘레길 17코스 송정-오미,전라남도 구례군 토지면 내서리 941
지리산둘레길 8코스 운리-덕산,경상남도 산청군 시천면 사리 산24-18
지리산둘레길 6코스 수철-성심원,경상남도 산청군 산청읍 옥산리 611-10
오색허브농원 캠핑장,강원특별자치도 양양군 서면 송어길 38
물가솔솔캠핑장,강원특별자치도 홍천군 내면 을수길 153-6
지리산 호수공원 오토캠핑장,전라남도 구례군 산동면 산업로 1590-18
JB캠핑하우스,경기도 파주시 적성면 감악산로 1270-54
연포제1야영장,충청남도 태안군 근흥면 연포2길 57
따봉캠핑장,경기도 파주시 파주읍 통일로 1604-26
화양동야영장,충청북도 괴산군 청천면 화양로 733-38
제천카라반 더그린,충청북도 제천시 봉양읍 박달로 256-21
힐링스토리펜션야영장,경상북도 영주시 풍기읍 삼가로 209
슬로우위켄드,전라남도 장성군 황룡면 구대해길 3-12
시냇가 캠핑장,충청북도 괴산군 칠성면 연풍로쌍곡길 75
캠핑소리251,경기도 가평군 설악면 묵안로 350
블루밍,경상북도 포항시 남구 장기면 동해안로 2816
바람부리별밤캠핑장 관광농원,강원특별자치도 강릉시 왕산면 바람부리길 69
아우노펠리스,경상북도 영천시 상신기길 150(언하동)
힐링빌리지 (팜핑레이크 캠핑장),울산광역시 울주군 서생면 화산발리로 325-62
코코로망스,인천광역시 옹진군 영흥면 영흥로685번길 76
노을빛바다애글램핑,인천광역시 강화군 화도면 장화리 474
물댄동산,경기도 파주시 광탄면 기산로 367
용두목,경상남도 밀양시 가곡동 산87-28(가곡동)
대원사계곡길,경상남도 산청군 삼장면 대원사길 588
백자동캠핑장,경기도 가평군 북면 가화로 2575-22
파이브이모션,경기도 가평군 설악면 자잠로282번길 72-95
그린랜드,경기도 양주시 장흥면 삼상리
이후국제승마클럽,경기도 고양시 덕양구 흥도로 23 (화전동)
북한산천연옥워터파크,경기도 고양시 덕양구 북한산로 591-37 (효자동)
로라비트 일산점,경기도 고양시 일산서구 한류월드로 300 (대화동)
서삼릉청소년야영장,경기도 고양시 덕양구 원당동
양주시청소년수련원,경기도 양주시 덕계동
한강시민공원 뚝섬수영장(실외),서울특별시 광진구 자양동
곡성레저문화센터,전라남도 곡성군 곡성읍 곡성로 855(곡성읍)
남송미술관,경기도 가평군 북면 백둔로 322
고양 선인장전시관,경기도 고양시 일산동구 호수로 731(장항동)
수성아트피아,대구광역시 수성구 무학로 180(지산동)
행복북구문화재단 어울아트센터,대구광역시 북구 구암로 47(관음동)
영암문화원,전라남도 영암군 영암읍 교동로 55
대구콘서트하우스 (구.대구시민회관),대구광역시 중구 태평로 141(태평로2가)
안동시청 대동관(안동시민회관),경상북도 안동시 퇴계로 115(명륜동)
광주학생독립운동기념회관,광주광역시 서구 학생독립로 30(화정동)
국립진주박물관,경상남도 진주시 남강로 626-35
평택문화원,경기도 평택시 중앙로 277(비전동)
안성문화원,경기도 안성시 보개면 종합운동장로 203
국립고궁박물관,서울특별시 종로구 효자로 12(세종로)
가평문화원,경기도 가평군 가평읍 문화로 131
거제문화원,경상남도 거제시 능포로 7(장승포동)
여수시문화원,전라남도 여수시 이순신광장로 200-7(종화동)
대구 중구문화원,대구광역시 중구 봉산문화길 77(봉산동) 봉산문화회관 4층
달성문화원,대구광역시 달성군 현풍면 현풍동로 92
독립기념관,충청남도 천안시 동남구 목천읍 독립기념관로 1(목천읍)
강릉문화원,강원특별자치도 강릉시 하슬라로 96(교동)
광산문화원,광주광역시 광산구 상무대로 265
광주광역시 서구문화원,광주광역시 서구 풍금로 182(금호동) 빛고을국악전수관 내
추리문학관,부산광역시 해운대구 달맞이길117번나길 111(중동)
독도박물관,경상북도 울릉군 울릉읍 약수터길 90-17
한국야구명예전당,제주특별자치도 서귀포시 중산간서로 97-1(강정동)
복천박물관(부산),부산광역시 동래구 복천로 63(복천동)
양구팔랑민속관,강원특별자치도 양구군 동면 바랑길158번길 5
부산시립미술관,부산광역시 해운대구 APEC로 58(우동)
국립공원 산악박물관,서울특별시 도봉구 도봉산길 86(도봉동)
가평문화예술회관,경기도 가평군 가평읍 문화로 131
건국대학교 상허기념도서관,서울특별시 광진구 능동로 120
부산해양자연사박물관,부산광역시 동래구 우장춘로 175
명성황후 기념관,경기도 여주시 명성로 71(능현동)
동래문화원,부산광역시 동래구 문화로 80(명륜동)
금정문화원,부산광역시 금정구 중앙대로1826번길 10-4(구서동)
광주 남구문화원,광주광역시 남구 봉선로 208(봉선동)
부산금정도서관,부산광역시 금정구 금정도서관로 33
이중섭 미술관,제주특별자치도 서귀포시 이중섭로 27-3(서귀동)
조병화문학관,경기도 안성시 양성면 난실길 14-1
대전시립미술관,대전광역시 서구 둔산대로 155
가일미술관,경기도 가평군 청평면 북한강로 1549
부산공간화랑,부산광역시 해운대구 마린시티1로 167
조현화랑,부산광역시 해운대구 달맞이길65번길 171
국립춘천박물관,강원특별자치도 춘천시 우석로 70
삼척 민물고기전시관,강원특별자치도 삼척시 근덕면 초당길 234(근덕면)
서복전시관,제주특별자치도 서귀포시 칠십리로 156-8(서귀동)
포천 반월아트홀,경기도 포천시 군내면 청성로 111
구미시립중앙도서관,경상북도 구미시 경은로 85(형곡동)
국채보상운동기념도서관,대구광역시 중구 공평로10길 25 대구광역시립중앙도서관
부산광역시립 명장도서관,부산광역시 동래구 명안로46번길 35(명장동)
부산광역시립 사하도서관,부산광역시 사하구 승학로 247(괴정동)
서울특별시교육청 개포도서관,서울특별시 강남구 선릉로4길 30(개포동)
부산 해운대도서관,부산광역시 해운대구 양운로 183(좌동)
부산광역시립 연산도서관,부산광역시 연제구 고분로191번길 16 부산광역시립연산도서관
부산 동구도서관,부산광역시 동구 성북로36번길 54(범일동)
부산광역시립 서동도서관,부산광역시 금정구 서부로76번길 5(서동)
금호평생교육관,광주광역시 남구 중앙로 15
광주 송정도서관,광주광역시 광산구 송정공원로 8-13(소촌동)
광주광역시립산수도서관,광주광역시 동구 경양로 355(산수동)
춘천시립도서관(장난감도서관),강원특별자치도 춘천시 우석로 100(석사동)
광주광역시립 사직도서관,광주광역시 남구 제중로 56(양림동)
진도해양생태관,전라남도 진도군 고군면 신비의바닷길 64
진도향토문화회관,전라남도 진도군 진도읍 진도대로 7197
이경순 소리박물관,경기도 안성시 삼죽면 동아예대길 47
가평현암농경유물박물관,경기도 가평군 북면 석장모루길 13
한향림 현대도자미술관,경기도 파주시 탄현면 헤이리마을길 82-37
국립여성사전시관,경기도 고양시 덕양구 화중로104번길 50(화정동)
여주박물관,경기도 여주시 신륵사길 6-12
갤러리 미고,부산광역시 해운대구 해운대해변로298번길 24
고싸움놀이전수교육관,광주광역시 남구 고싸움로 2(칠석동)
화천교육도서관,강원특별자치도 화천군 화천읍 상승로3길 22
군산근대역사박물관,전라북도 군산시 해망로 240 군산근대역사박물관
을숙도문화회관,부산광역시 사하구 낙동남로1233번길 25(하단동)
해운대문화회관,부산광역시 해운대구 양운로 97 해운대문화회관
영천보현산천문과학관,경상북도 영천시 화북면 별빛로 681-32
서울상상나라,서울특별시 광진구 능동로 216(능동)
헬로키티아일랜드,제주특별자치도 서귀포시 안덕면 한창로 340
헤이리 커피박물관,경기도 파주시 탄현면 헤이리마을길 23
수원화성박물관,경기도 수원시 팔달구 창룡대로 21(매향동)
해우재,경기도 수원시 장안구 장안로 463
천안박물관,충청남도 천안시 동남구 천안대로 429-13
진주청동기문화박물관,경상남도 진주시 대평면 호반로 1353
향촌문화관,대구광역시 중구 중앙대로 449(향촌동)
국립대구과학관,대구광역시 달성군 테크노대로6길 20 국립대구과학관
안용복기념관,경상북도 울릉군 북면 석포길 500
장흥동학농민혁명기념관,전라남도 장흥군 장흥읍 읍성로 2
수원시립아이파크미술관,경기도 수원시 팔달구 정조로 833
남도향토음식박물관·호남문화자료전시관,광주광역시 북구 설죽로 477
미메시스 아트 뮤지엄,경기도 파주시 문발로 253(문발동)
출판도시 활판인쇄박물관,경기도 파주시 회동길 145(문발동)
킨텍스,경기도 고양시 일산서구 킨텍스로 217-60
보름산미술관(김포),경기도 김포시 고촌읍 수기로 100-78
동아방송예술대학교 DIMA아트센터,경기도 안성시 삼죽면 동아예대길 47동아방송예술대학교 엔터테인먼트관
범어사 성보박물관,부산광역시 금정구 범어사로 250(청룡동)
설미재미술관,경기도 가평군 설악면 유명로 1454-38
해인사 성보박물관,경상남도 합천군 가야면 가야산로 1742-17
아지동테마파크(헤이리마을),경기도 파주시 탄현면 헤이리마을길 93-75
돈의문박물관마을,서울특별시 종로구 송월길 14-3
태백석탄박물관,강원특별자치도 태백시 천제단길 195
여미갤러리,충청남도 서산시 운산면 운정로 112
젊은달 와이파크,강원특별자치도 영월군 주천면 송학주천로 1467-9
김홍신 문학관,충청남도 논산시 중앙로 146-23
오마이갤러리,충청남도 태안군 안면읍 안면대로 3171-6
평화문화진지,서울특별시 도봉구 마들로 932(도봉동)
현대 모터스튜디오 부산,부산광역시 수영구 구락로123번길 20(망미동)
에코리움,경기도 오산시 오산천로 52(오산동)
태실문화관,경상북도 성주군 월항면 세종대왕자태실로 616-12
마크트할레,경기도 고양시 일산동구 중앙로 1036(백석동)
덕소자연사박물관,경기도 남양주시 와부읍 석실로 46-11
오남체육문화센터,경기도 남양주시 오남읍 진건오남로577번길 11
구미과학관,경상북도 구미시 3공단1로 219-1(진평동)
매향리평화역사관,경기도 화성시 우정읍 기아자동차로 199
국립청소년농생명센터,전라북도 김제시 부량면 벽골제로 421
공근혜갤러리,서울특별시 종로구 삼청로7길 38(삼청동)
예술가의집,서울특별시 종로구 동숭길 3(동숭동)
한국미술관,서울특별시 종로구 인사동길 12(인사동)
암사선사유적박물관,서울특별시 강동구 올림픽로 875(암사동)
정읍시립미술관,전라북도 정읍시 시기4길 7(시기동)
진주익룡발자국전시관,경상남도 진주시 영천강로68번길 22(충무공동)
고양꽃전시관,경기도 고양시 일산동구 호수로 595(장항동)
고색뉴지엄,경기도 수원시 권선구 산업로 85(고색동)
안성맞춤아트홀,경기도 안성시 발화대길 21(현수동)
서울특별시교육청과학전시관 남부분관,서울특별시 구로구 구로중앙로27나길 21(구로동)
클랭블루,제주특별자치도 제주시 한경해안로 552-22
푸른마을 공동체센터,광주광역시 동구 동명로67번길 29(산수동)
청도박물관,경상북도 청도군 이서면 이서로 567
한국코미디타운,경상북도 청도군 이서면 이서로 565
월성원자력홍보관,경상북도 경주시 문무대왕면 불국로 1655
조소양선생기념관,경기도 양주시 남면 양연로173번길 87
5·18민주화운동 기록관,광주광역시 동구 금남로 221(금남로3가)
또봇정크아트뮤지엄(경주또봇정크아트뮤지엄),경상북도 경주시 경감로 614(천군동)
천안예술의전당 미술관,충청남도 천안시 동남구 성남면 종합휴양지로 185
놀이마루,부산광역시 부산진구 전포대로209번길 26(전포동)
파주공룡박물관,경기도 파주시 탄현면 헤이리마을길 93-83
어린이미술관자란다,경기도 파주시 탄현면 새오리로427번길 38-6
독립기념관단풍나무숲길(단풍나무숲길독립기념관),충청남도 천안시 동남구 목천읍 독립기념관로 1
평창관광센터 스페이스 창공(진부역),강원특별자치도 평창군 진부면 송정길 110(송정리)
한강뮤지엄,경기도 남양주시 와부읍 경강로926번길 30
민주인권기념관,서울특별시 용산구 한강대로71길 37(갈월동)
유휴열미술관,전라북도 완주군 구이면 신뱅이길 55
화랑대역,서울특별시 노원구 화랑로 610(공릉동)
금산민속박물관,충청남도 금산군 남이면 금산로 846
삼일문고,경상북도 구미시 금오시장로 6(원평동)
석파정서울미술관,서울특별시 종로구 창의문로11길 4-1(부암동)
함안수박전시관,경상남도 함안군 군북면 월촌리 1599
성남큐브미술관,경기도 성남시 분당구 성남대로 808(야탑동)
의령곤충생태학습관,경상남도 의령군 의령읍 의합대로 28
둘레길하동센터,경상남도 하동군 하동읍 중앙로 52-4
우포늪 생태체험장,경상남도 창녕군 대합면 우포2로 370
붓이야기박물관,강원특별자치도 춘천시 서면 박사로 906
임실김용택시인문학관,전라북도 임실군 덕치면 장암2길 16
세종전통장류박물관,세종특별자치시 전동면 배일길 90-43
한림박물관,경상남도 김해시 한림면 김해대로 1029-20
제주커피박물관 Baum (제주커피박물관 바움),제주특별자치도 서귀포시 성산읍 서성일로1168번길 89-17
주남아트갤러리,경상남도 창원시 의창구 동읍 주남로71번길 43-1
진주공예창작지원센터,경상남도 진주시 명석면 광제산로 367
비로자나불후불탱화,강원특별자치도 평창군 진부면 오대산로 176
행주커뮤니티센터,경기도 고양시 덕양구 행주산성로 38
전포 삼거리,부산광역시 부산진구 진남로 320
슈퍼플레이 AK& 홍대점,서울특별시 마포구 동교동 190-1 애경타워
일상비일상의틈,서울특별시 강남구 강남대로 426 진우빌딩(역삼동)
대학로자유극장,서울특별시 종로구 대학로12길 31 (동숭동)
구례군 농업기술센터 식물표본전시관,전라남도 구례군 구례읍 동산1길 29
한국다완박물관,경상북도 문경시 문경읍 온천5길 2-1B1
한국한복진흥원,경상북도 상주시 함창읍 무운로 1591
잠사곤충사업장,경상북도 상주시 함창읍 무운로 1621-27
청운각,경상북도 문경시 문경읍 청운로 35
서학예술마을도서관,전라북도 전주시 완산구 서학로 12-1 (서서학동)
함창명주박물관,경상북도 상주시 함창읍 무운로 1593
강릉교육문화관,강원특별자치도 강릉시 노암동노암동길 37-1
보령해저터널홍보관,충청남도 보령시 대천항로 250-20 (신흑동)
보령문화의전당,충청남도 보령시 대흥로 63 (대천동)
국립경주박물관 신라천년서고,경상북도 경주시 인왕동76
주니어천문스쿨 수지점,경기도 용인시 수지구 성복2로301번길 7 (성복동)2층
소향씨어터신한카드홀,부산광역시 해운대구 센텀중앙로 55 (우동)
이천시립박물관,경기도 이천시 관고동
공간울림,대구광역시 수성구 삼덕동
북촌 한옥청,서울특별시 종로구 북촌로12길 29-1 (가회동)
동덕여자대학교 공연예술센터,서울특별시 종로구 동숭길 126 (동숭동)
드림아트센터,서울특별시 종로구 동숭길 123 (동숭동)
방진관,전라남도 보성군 보성읍 새싹길 81-10
뮤지엄오브일루전,부산광역시 해운대구 수영강변대로 120 (우동)영화의전당 비프힐 1층
해운대관광안내소,부산광역시 해운대구 해운대해변로 264 (우동)해운대관광봉사센타
세종예술의전당,세종특별자치시  국립박물관로 21 세종 예술의 전당
수원시립아트스페이스광교,경기도 수원시 영통구 하동
광산문화예술회관,광주광역시 광산구 광산로68번길 13 (송정동)
광주광역시미디어아트플랫폼 GMAP,광주광역시 남구 천변좌로338번길 10 (구동)
518기념문화센터,광주광역시 서구 내방로 152 (쌍촌동)
광주광역시공연마루,광주광역시 서구 상무시민로 3 (치평동)
대가야문화누리,경상북도 고령군 대가야읍 지산리
제주유리박물관,제주특별자치도 서귀포시 중산간서로 1403(상예동)
백남준아트센터,경기도 용인시 기흥구 백남준로 10
장보고기념관,전라남도 완도군 청해진로 1455 장보고 기념관
경기도미술관,경기도 안산시 단원구 동산로 268
제주세계성문화박물관,제주특별자치도 서귀포시 월드컵로 33제주월드컵경기장 (법환동)
성산포 해녀물질공연장,제주특별자치도 서귀포시 성산읍 일출로 284-34
화천박물관,강원특별자치도 화천군 하남면 춘화로 3337
엄홍길전시관,경상남도 고성군 거류면 거류로 335
고양 화장실전시관,경기도 고양시 일산동구 호수로 731(장항동)
광주야외음악당,광주광역시 서구 내방로 111(치평동)
김춘수 유품전시관,경상남도 통영시 해평5길 142-16
서구어린이도서관,대구광역시 서구 문화로 123(이현동)
대구북구청소년회관 아트홀,대구광역시 북구 검단로 71-17
도자기체험미술관 비즘,경기도 양평군 서종면 황순원로 165
부산예술회관,부산광역시 남구 용소로 78 부산예술회관
송파구립 예송미술관,서울특별시 송파구 백제고분로 242 (삼전동)
마애선사유적전시관,경상북도 안동시 풍산읍 풍산단호로 388
세계조가비박물관,제주특별자치도 서귀포시 태평로 284
자연염색박물관,대구광역시 동구 파계로112길 17
김달진 문학관,경상남도 창원시 진해구 소사로59번길 13(소사동)
인천문화예술회관,인천광역시 남동구 예술로 149(구월동)
KBS 울산홀,울산광역시 남구 번영로 212(달동)
인천광역시립박물관,인천광역시 연수구 청량로160번길 26(옥련동)
목포자연사박물관,전라남도 목포시 남농로 135
계명대학교 행소박물관,대구광역시 달서구 달구벌대로 1095
대구교육대학교 교육박물관,대구광역시 남구 중앙대로 219(대명동)
동해문화원,강원특별자치도 동해시 천곡2길 8(천곡동)
고성문화원,강원특별자치도 고성군 간성읍 간성로 71-7
담양문화원,전라남도 담양군 담양읍 죽향문화로 35
문경문화원,경상북도 문경시 점촌5길 20
구미문화원,경상북도 구미시 선산읍 선산중앙로 83-1
대관령박물관,강원특별자치도 강릉시 성산면 대관령옛길 1
인천상륙작전기념관,인천광역시 연수구 청량로 138 인천상륙작전기념관
송암미술관,인천광역시 미추홀구 비류대로55번길 68 송암미술관
거창박물관,경상남도 거창군 거창읍 수남로 2181
광명문화원,경기도 광명시 철망산로 42(하안동)
가천박물관,인천광역시 연수구 청량로102번길 40-9
국립대구박물관,대구광역시 수성구 청호로 321
대구어린이세상,대구광역시 수성구 동대구로 176(황금동)
수영민속예술관,부산광역시 수영구 수영성로 43(수영동)
옛길박물관,경상북도 문경시 문경읍 새재로 944
동의대학교 중앙도서관,부산광역시 부산진구 엄광로 176(가야동)
성동문화원,서울특별시 성동구 왕십리로 281(행당동)
노원문화원,서울특별시 노원구 동일로197길 24(공릉동)
대구 남구문화원,대구광역시 남구 앞산순환로 478(대명동)
대구 북구문화원,대구광역시 북구 구암로 47어울아트센터 내 별관 2층 (관음동)
대구 달서문화원,대구광역시 달서구 문화회관길 160(장기동)
대구 서구문화원,대구광역시 서구 당산로 403(이현동)
대전 동구문화원,대전광역시 동구 동구청로 60 생활문화센터
대구문화예술회관,대구광역시 달서구 공원순환로 201(성당동)
대구 코오롱 야외음악당,대구광역시 달서구 야외음악당로 180(두류동)
한마음회관,울산광역시 동구 바드래1길 30(전하동)
성주문화예술회관,경상북도 성주군 성주읍 성산9길 45
간송미술관(서울 보화각),"서울특별시 중구 을지로 281(을지로7가), DDP 배움터 2층 디자인박물관"
울산문화예술회관,울산광역시 남구 번영로 200(달동)
동편제 판소리전수관,전라남도 구례군 구례읍 동편제길 53
세계장신구박물관,서울특별시 종로구 북촌로5나길 2(화동)
예주문화예술회관,경상북도 영덕군 영해면 318만세길 36
부산자유회관(부산통일관),부산광역시 부산진구 초읍천로 113-10
인천통일관,인천광역시 미추홀구 수봉안길 84(숭의동)
부산광역시립 부전도서관,부산광역시 부산진구 동천로 79(부전동)
목포시립도서관,전라남도 목포시 용당로160번길 32(용당동)
인천광역시 중앙도서관,인천광역시 남동구 정각로 9
인천광역시 미추홀도서관,인천광역시 남동구 인주대로776번길 53 인천광역시미추홀도서관
인천광역시교육청서구도서관,인천광역시 서구 건지로334번길 45(가좌동)
인천 부평도서관,인천광역시 부평구 경원대로 1191
인천광역시교육청북구도서관,인천광역시 부평구 신트리로 21(부평동)
대구광역시립남부도서관,대구광역시 남구 앞산순환로 512(대명동)
해녀박물관,제주특별자치도 제주시 구좌읍 해녀박물관길 26
부평역사박물관,인천광역시 부평구 굴포로 151(삼산동)
인천어린이박물관,인천광역시 미추홀구 매소홀로 618 문학경기장
마한관,전라북도 익산시 금마면 고도9길 41-14
양화진홀 전시관,서울특별시 마포구 양화진길 46
풍남문화관,전라북도 전주시 완산구 전동성당길 110(전동)
돌체소극장,인천광역시 미추홀구 매소홀로 573(문학동)
강진군도서관,전라남도 강진군 강진읍 남문길 10
진도무형문화재전수관,전라남도 진도군 진도읍 동외1길 6-9
충주세계무술박물관,충청북도 충주시 남한강로 24(금릉동)
고양시립 주엽어린이도서관,경기도 고양시 일산서구 주엽로 104(주엽동)
제주 세계자연유산센터,제주특별자치도 제주시 조천읍 선교로 569-36
대한민국역사박물관,서울특별시 종로구 세종대로 198(세종로)
서울시립 북서울미술관,서울특별시 노원구 동일로 1238(중계동)
국립태권도원,전라북도 무주군 설천면 무설로 1482
국립나주박물관,전라남도 나주시 반남면 고분로 747
아쿠아플라넷 일산,경기도 고양시 일산서구 한류월드로 282(대화동)
애보박물관,인천광역시 남동구 만의골로 71(운연동)
박인환문학관,강원특별자치도 인제군 인제읍 인제로156번길 50
대전근현대사전시관(옛 충남도청사 본관),대전광역시 중구 중앙로 101(선화동)
부평 기적의도서관,인천광역시 부평구 길주남로 166(부개동)
캔아트 체험교실,충청남도 아산시 신리길 55(신동)
국립광주과학관,광주광역시 북구 첨단과기로 235(오룡동)
인천광역시 여성문화회관,인천광역시 부평구 길주로 539(갈산동)
한국민화뮤지엄,전라남도 강진군 대구면 청자촌길 61-5
제주 추사관,제주특별자치도 서귀포시 대정읍 추사로 44
해남공룡박물관,전라남도 해남군 황산면 공룡박물관길 234
엑스코(EXCO),대구광역시 북구 엑스코로 10(산격동)
정남진천문과학관,전라남도 장흥군 장흥읍 평화우산길 180-608
강릉원주대학교 박물관,강원특별자치도 강릉시 죽헌길 7
홍주성역사관(홍성),충청남도 홍성군 홍성읍 아문길 20
리각미술관,충청남도 천안시 동남구 태조산길 245(유량동)
담양우표박물관,전라남도 담양군 대전면 대치9길 16
용산공예관,서울특별시 용산구 이태원로 274(한남동)
국립현대미술관 청주,충청북도 청주시 청원구 상당로 314(내덕동)
정선 아리랑센터 (정선아리랑문화재단),강원특별자치도 정선군 정선읍 애산로 51
대구 아쿠아리움,대구광역시 동구 동부로 149
구룡포 근대문화역사관,경상북도 포항시 남구 구룡포읍 구룡포길 153-1
피규어뮤지엄 제주,제주특별자치도 서귀포시 안덕면 한창로 243
선사시대로 거리박물관,대구 달서구 월배로 · 상화로 일원
목포근대역사관 1관,전라남도 목포시 영산로29번길 6
지혜의 숲,경기도 파주시 회동길 145(문발동)
소리체험박물관,인천광역시 강화군 길상면 해안남로474번길 11
대한민국 술테마박물관,전라북도 완주군 구이면 덕천전원길 232-58
김해시 수도박물관,경상남도 김해시 한림면 김해대로 1347
밀양의열기념관,경상남도 밀양시 노상하1길 25-12
원효대사 깨달음 체험관,경기도 평택시 포승읍 호암길 58
의성 최치원문학관,경상북도 의성군 단촌면 고운사길 241
대전무형문화재전수회관,대전광역시 대덕구 동춘당로94번길 50
동탄중앙어울림센터,경기도 화성시 동탄대로시범길 133(청계동)
효자아트홀,경상북도 포항시 남구 행복길 120(효자동)
JCC재능문화센터,서울특별시 종로구 창경궁로35길 29(혜화동)
수애뇨339,서울특별시 종로구 평창길 339(평창동)
세계화석광물박물관,전라남도 신안군 안좌면 대리길 18-20
에스팩토리,서울특별시 성동구 연무장15길 11(성수동2가)
국립전북기상과학관,전라북도 정읍시 서부산업도로 168-43
아르떼뮤지엄 여수,전라남도 여수시 박람회길 1(덕충동)
한국영상자료원,서울특별시 마포구 월드컵북로 400(상암동)
소전미술관,경기도 시흥시 소래산길 41(대야동)
아산코미디홀,충청남도 아산시 도고면 아산만로 171
진안 가위박물관,전라북도 진안군 진안읍 마이산로 258
파라다이스시티 스튜디오파라다이스,인천광역시 중구 영종해안남로321번길 186(운서동)
못난이미술관,전라남도 무안군 일로읍 상사바위길 125
번개맨 체험관,울산광역시 울주군 상북면 알프스온천5길 103-8
낙동강역사이야기관,경상북도 상주시 낙동면 낙동1길 116
울릉천국 아트센터(울릉천국),경상북도 울릉군 북면 평리2길 207-16
코스모40,인천광역시 서구 장고개로231번길 9(가좌동)
매암제다원,경상남도 하동군 악양면 악양서로 346-1
동해안젓갈콤플렉스센터,강원특별자치도 속초시 농공단지1길 4(대포동)
한산모시관,충청남도 서천군 한산면 충절로 1089
봇재,전라남도 보성군 보성읍 녹차로 750
박진전쟁기념관,경상남도 창녕군 남지읍 월상길 27
화천한옥학교,강원특별자치도 화천군 간동면 모현동로 182-35
서울옥션 강남센터,서울특별시 강남구 언주로 864(신사동)
다울랭 갤러리,서울특별시 용산구 한강대로15길 32 (한강로3가)
유현문화관광지,강원특별자치도 횡성군 경강로유현1길 50
고양관광정보센터,경기도 고양시 일산동구 장항동 845
경주문화관 1918,경상북도 경주시 원화로 266 경주역
여수 테디베어뮤지엄,전라남도 여수시 안심산길 155
구리어린이천문대,경기도 구리시 사노동
거제곤충생태박물관,경상남도 거제시 거제남서로 3577 거제시농업개발원
안양박물관,경기도 안양시 만안구 석수동
감만창의문화촌,부산광역시 남구 우암로 84-1
여수미술관,전라남도 여수시 도원로 263-1
아스카 게임박물관,경기도 파주시 탄현면 법흥리
평화테마촌,전라남도 여수시 향일암로 365 사단법인 여수문화 예술원
한영아트센터,대구광역시 수성구 수성동4가
다누리센터4D체험관,
순천시 기독교역사박물관,전라남도 순천시 매산길 61 (매곡동)
여수 민속 전시관,전라남도 여수시 서부로 1442 율촌중앙초등학교
진남문예회관,전라남도 여수시 좌수영로 69 시민회관
한국소리터,경기도 평택시 현덕면 권관리
곤충테마여행,경기도 포천시 가산면 가산리
용인어린이천문대,경기도 용인시 기흥구 지곡동
수지어린이천문대,경기도 용인시 수지구 고기동
헤이리트릭아트,경기도 파주시 탄현면 법흥리
아트원씨어터,서울특별시 종로구 대학로12길 83 (동숭동)
이랜드갤러리,경기도 파주시 탄현면 법흥리
세미원 연꽃박물관,경기도 양평군 양서면 용담리
센티드뮤제,경기도 파주시 탄현면 법흥리
틴틴홀,서울특별시 종로구 대학로10길 24 (동숭동)
중림창고,서울특별시 중구 서소문로6길 33 (중림동)
대원뮤지엄,서울특별시 용산구 한강로3가
국립극장 공연예술박물관,서울특별시 중구 장충단로 59 (장충동2가)
푸르지오아트홀,서울특별시 중구 을지로4가261-4
노들섬 라이브하우스,"서울특별시 용산구 이촌동1,2층"
일신홀,서울특별시 용산구 한남동
용산아트홀,서울특별시 용산구 이태원동
어둠속의대화 북촌점,서울특별시 종로구 가회동
홍익대학교 대학로 아트센터,서울특별시 종로구 연건동
바탕골소극장,서울특별시 종로구 동숭동
JTN아트홀,서울특별시 종로구 이화동
서울생활문화센터 체부,서울특별시 종로구 체부동
한국색동박물관,서울특별시 종로구 권농동한국색동박물관
불교중앙박물관,서울특별시 종로구 견지동
상명아트센터,서울특별시 종로구 홍지동
한상수자수박물관,서울특별시 성북구 성북로16길 4-10 (성북동)
별내어린이천문대,경기도 남양주시 별내면 용암리
에이씨티 그라운드 화성ICT 생활문화센터,경기도 화성시 팔탄면 율암리
북한강야외공연장,경기도 남양주시 화도읍 금남리
아이뮤지엄 여수점,전라남도 여수시 박람회길 1 (덕충동)
호천문화플랫폼,부산광역시 부산진구 범천동
영산포역사갤러리,전라남도 나주시 영산3길 17 (영산동)
한화기념관,인천광역시 남동구 논현고잔로168번길 45 한화기념관
경전철 홍보관,부산광역시 기장군 철마면 반송로 1180
고리원자력홍보관,부산광역시 기장군 장안읍 길천리80
부산트래블라운지,"부산광역시 동구 대영로243번길 38 (초량동)1, 2층"
동구 문화플랫폼,부산광역시 동구 중앙대로 380 (좌천동)
망양로 산복도로 전시관,부산광역시 동구 망양로 488 (초량동)3층
동래읍성 임진왜란 역사관,부산광역시 동래구 충렬대로 지하223 (수안동)
부산도서관,부산광역시 사상구 사상로310번길 33 (덕포동)
사상생활사박물관,부산광역시 사상구 낙동대로1258번길 36 (삼락동)
천마산 조각공원,부산광역시 서구 천마산로209번길 94 (남부민동)
영도해녀문화전시관,부산광역시 영도구 중리남로 2-36 (동삼동)
뮤지엄홀리데이,강원특별자치도 강릉시 토성로 1442층
감귤박물관,제주특별자치도 서귀포시 효돈순환로 441(신효동)
신안갯벌박물관,전라남도 신안군 증도면 지도증도로 1766-15
송도컨벤시아,인천광역시 연수구 센트럴로 123(송도동)
제주도립미술관,제주특별자치도 제주시 1100로 2894-78
나주학생독립운동기념관,전라남도 나주시 죽림길 26
씽크씽크미술관,서울특별시 강남구 봉은사로68길 19
고창고인돌박물관,전라북도 고창군 고창읍 고인돌공원길 74
코엑스아티움,서울특별시 강남구 영동대로 513
명보아트홀,서울특별시 중구 마른내로 47
한향림옹기박물관,경기도 파주시 탄현면 헤이리마을길 96-43
동구인문학당,광주광역시 동구 동계천로 168-5
정지용 문학관,충청북도 옥천군 옥천읍 향수길 56
심산기념문화센터,서울특별시 서초구 사평대로 55(반포동)
영양문화원,경상북도 영양군 영양읍 군민회관길 7
세종문화회관,서울특별시 종로구 세종대로 175(세종로)
국립중앙박물관,서울특별시 용산구 서빙고로 137
두산아트센터,서울특별시 종로구 종로33길 15(연지동)
인천수봉문화회관,인천광역시 미추홀구 수봉안길 78(숭의동)
호암미술관,경기도 용인시 처인구 포곡읍 에버랜드로562번길 38
국립중앙과학관,대전광역시 유성구 대덕대로 481(구성동)
경희대학교 중앙박물관,서울특별시 동대문구 경희대로 26(회기동)
고양문화원,경기도 고양시 일산서구 한류월드로 280(대화동)
제주 탑동해변공연장,제주특별자치도 제주시 중앙로 2(삼도이동)
강릉시 오죽헌,강원특별자치도 강릉시 율곡로3139번길 24(죽헌동)
광양문화원,전라남도 광양시 광양읍 매천로 829
의성문화원,경상북도 의성군 의성읍 안평의성로 1122-36
성주문화원,경상북도 성주군 성주읍 성주로 3204
원광대학교 박물관,전라북도 익산시 익산대로 460(신동)
정읍사예술회관,전라북도 정읍시 시기4길 13
국립부여박물관,충청남도 부여군 부여읍 금성로 5
롯데월드 민속박물관,서울특별시 송파구 올림픽로 240(잠실동) 롯데월드 쇼핑몰 3층
서울시립미술관(서소문본관),서울특별시 중구 덕수궁길 61
운보의 집,충청북도 청주시 청원구 내수읍 형동2길 92-41
수원야외음악당,경기도 수원시 팔달구 동수원로 335(인계동)
예천군 문화회관,경상북도 예천군 예천읍 충효로 209-15
군포문화원,경기도 군포시 한세로56번길 12(당정동)
국립국악원,서울특별시 서초구 남부순환로 2364
서울메트로미술관,서울특별시 종로구 사직로 지하 130(적선동) 지하철 3호선 경복궁역 역사 內
현대예술관,울산광역시 동구 명덕로 10 현대예술관
진안 문예체육회관,전라북도 진안군 진안읍 진무로 1054-38
고신대학교복음병원 의학도서관,부산광역시 서구 감천로 262
서울역사박물관,서울특별시 종로구 새문안로 55 서울역사박물관
팔공문화원,대구광역시 동구 팔공로197길 25(백안동)
광주 동구문화원,광주광역시 동구 예술길 18-1
한국소리문화의전당,전라북도 전주시 덕진구 소리로 31(덕진동1가)
안성맞춤박물관,경기도 안성시 대덕면 서동대로 4726-15
난계국악박물관,충청북도 영동군 심천면 국악로 9
전주역사박물관,전라북도 전주시 완산구 쑥고개로 259(효자동2가)
국립제주박물관,제주특별자치도 제주시 일주동로 17(건입동)
종이나라박물관,서울특별시 중구 장충단로 166(장충동1가)
춘천 애니메이션박물관&토이로봇관,강원특별자치도 춘천시 서면 박사로 854
함평문화원,전라남도 함평군 함평읍 기산길 163-16
모차르트 콘서트홀,서울특별시 서초구 명달로 104(서초동)
가족문화센터,울산광역시 남구 대공원로 84(옥동)
토지문화관,강원특별자치도 원주시 흥업면 매지회촌길 79
전라북도산림박물관,전라북도 순창군 복흥면 추령로 1777
대전예술의전당,대전광역시 서구 둔산대로 135(만년동)
땅끝해양자연사박물관,전라남도 해남군 송지면 중대동길 5-4
청작화랑,서울특별시 강남구 압구정로 134(신사동)
갤러리에이엠,서울특별시 종로구 팔판길 23
다도박물관,경기도 김포시 월곶면 애기봉로275번길 187-49
충현박물관,경기도 광명시 오리로347번길 5-6
우석헌자연사박물관,경기도 남양주시 진접읍 금강로 1095
영집 궁시박물관,경기도 파주시 탄현면 국원말길 168
강화화문석문화관,인천광역시 강화군 송해면 장정양오길 413
제천기적의도서관,충청북도 제천시 용두천로38길 30
정선아리랑 전수관,강원특별자치도 정선군 여량면 아우라지길 69
인천 화도진도서관,인천광역시 동구 화도진로 122 화도진도서관
지적박물관,충청북도 제천시 금성면 양월로 34
수도국산달동네박물관,인천광역시 동구 솔빛로 51(송현동)
대전학생교육문화원,대전광역시 중구 동서대로 1360(목동)
광주학생교육문화회관,광주광역시 서구 상무민주로 61
서산시 청소년문화의집,충청남도 서산시 해미면 성지3길 33
강원 신재생에너지전시관,강원특별자치도 평창군 대관령면 경강로 5754
제주국제컨벤션센터,제주특별자치도 서귀포시 중문관광로 224(중문동)
북촌문화센터,서울특별시 종로구 계동길 37(계동)
한국천연염색박물관,전라남도 나주시 다시면 백호로 379
서울대학교 치의학박물관,서울특별시 종로구 대학로 101(연건동) 서울대학교 치의학대학원 본관 1층
동양자수박물관,강원특별자치도 강릉시 죽헌길 140-12
제주돌문화공원,제주특별자치도 제주시 조천읍 남조로 2023
동학혁명기념관,전라북도 전주시 완산구 은행로 34(풍남동3가)
전주대학교 박물관,전라북도 전주시 완산구 천잠로 303
박동진 판소리전수관,충청남도 공주시 무릉중말길 22-14
박정우 염색갤러리,충청북도 제천시 내제로31길 22(청전동)
인천학생교육문화회관,인천광역시 중구 자유공원로 12(인현동)
손기정기념관,서울특별시 중구 손기정로 101(만리동2가)
래미안 갤러리,서울특별시 송파구 충민로 17(문정동)
한국잡월드,경기도 성남시 분당구 분당수서로 501(정자동)
목포근대역사관 2관,전라남도 목포시 번화로 18
마리아칼라스홀,서울특별시 강남구 영동대로 315(대치동)
한국도량형박물관,충청남도 당진시 산곡길 219-4
인도미술박물관,강원특별자치도 영월군 주천면 송학주천로 899-6
응암정보도서관,"서울특별시 은평구 가좌로 179 성지빌딩2층,3층"
광명업사이클아트센터,경기도 광명시 가학로85번길 142(가학동)
한국종합무역센터(코엑스),서울특별시 강남구 영동대로 513
근대문화체험관 계산예가,대구광역시 중구 서성로 6-1(계산동2가)
고흥우주천문과학관,전라남도 고흥군 도양읍 장기산선암길 353
횡성군문화예술회관,강원특별자치도 횡성군 횡성읍 문예로 75
추억의 청춘뮤지엄,경기도 양평군 용문면 용문산로 620
둘리뮤지엄,서울특별시 도봉구 시루봉로1길 6(쌍문동)
국립낙동강생물자원관(상주),경상북도 상주시 도남2길 137(도남동)
구하우스미술관,경기도 양평군 서종면 무내미길 49-12(서종면)
한국이민사박물관,인천광역시 중구 월미로 329(북성동1가)
책과인쇄박물관,강원특별자치도 춘천시 신동면 풍류1길 156
국립대구기상과학관,대구광역시 동구 효동로2길 10(효목동)
국립어린이과학관,서울특별시 종로구 창경궁로 215
CECO 창원컨벤션센터,경상남도 창원시 의창구 원이대로 362(대원동)
양주시립 회암사지박물관,경기도 양주시 회암사길 11(율정동)
배다골테마파크 고양민속박물관,경기도 고양시 덕양구 배다골길 131(화정동)
국립일제강제동원역사관,부산광역시 남구 홍곡로320번길 100(대연동)
범패민속문화박물관,인천광역시 미추홀구 경인로70번길 11-13
우석뮤지엄,서울특별시 서대문구 신촌로 129(창천동) 아트레온
산청 목조각장전수관,경상남도 산청군 생초면 산수로 1064생초국제조각공원 내
박물관 수,대구광역시 수성구 국채보상로186길 79
고척 스카이돔,서울특별시 구로구 경인로 430(고척동)
한국국학진흥원,경상북도 안동시 도산면 퇴계로 1997
양평곤충박물관,경기도 양평군 옥천면 경강로 1496
수피아여자중고등학교,광주광역시 남구 백서로 13(양림동)
오스갤러리,전라북도 완주군 소양면 오도길 24
공평도시유적전시관,서울특별시 종로구 우정국로 26
서학동 사진관,전라북도 전주시 완산구 서학로 16-17
억새전시관,강원특별자치도 정선군 남면 칠현로 83
양천구 갈산도서관,서울특별시 양천구 목동남로4길 48-6(신정동)
기억을 모으는 미술관 ART-TEA,강원특별자치도 태백시 하장성1길 42F
마리소리골악기박물관,강원특별자치도 홍천군 서석면 마리소리길 207
충청북도자연과학교육원 과학전시관,충청북도 청주시 상당구 대성로 150(수동)
횡성댐 물문화관,강원특별자치도 횡성군 갑천면 섬강로 1012
양천구 영어특성화도서관,서울특별시 양천구 목동동로 81
장항도시탐험역,충청남도 서천군 장항읍 장항로161번길 27
국립태안해양유물전시관,충청남도 태안군 근흥면 신진대교길 94-33
문경문학관,경상북도 문경시 산북면 김용길 278-1
CICA 미술관,경기도 김포시 양촌읍 삼도로 196-30
남이섬 류지움 (류홍쥔 세계민족악기전시관),강원특별자치도 춘천시 남산면 남이섬길 1
시네마360,충북 제천시 청풍면 물태리 산6-29 제천청풍호반케이블카 2층
포천아트밸리 천문과학관,경기도 포천시 신북면 아트밸리로 234
인천대공원 목재문화체험장,인천광역시 남동구 무네미로 236
국립밀양기상과학관,경상남도 밀양시 밀양대공원로 84(교동)
뮤지엄산,강원특별자치도 원주시 지정면 오크밸리2길 260
밀양아리랑아트센터,경상남도 밀양시 밀양대공원로 112(교동)
한국궁중꽃박물관,경상남도 양산시 매곡외산로 232(매곡동)
한국초콜릿연구소 뮤지엄 곡성지점,전라남도 곡성군 오곡면 기차마을로 232
작은미술관 보구곶,경기도 김포시 월곶면 문수산로 375
경주화백컨벤션센터,경상북도 경주시 보문로 507(신평동)
동아서점,강원특별자치도 속초시 수복로 108(교동)
김영삼대통령 기록전시관,경상남도 거제시 장목면 옥포대첩로 743
이육사문학관,경상북도 안동시 도산면 백운로 525
가야금테마공원,전라남도 영암군 영암읍 기찬랜드로 19-10
남해각 기억의 예술관,경상남도 남해군 설천면 남해대로 4216
독서왕김득신문학관,충청북도 증평군 증평읍 인삼로 93
평창돌문화체험관,강원특별자치도 평창군 평창읍 바위공원길 111
광명에디슨뮤지엄,경기도 광명시 일직로12번길 24(일직동)
2·28 민주운동기념회관,대구시 중구 남산동 2113-10
월곡역사박물관,대구광역시 달서구 송현로7길 38(상인동)
무등산 분청사기 전시실,광주광역시 북구 풍암제길 14
부천시박물관,경기도 부천시 소사로 638(여월동)
용인시박물관,경기도 용인시 기흥구 동백3로 79(중동)
노형수퍼마켙,제주특별자치도 제주시 노형로 89
한생연인간과로봇과학관,서울특별시 송파구 올림픽로 145(잠실동) 리센츠상가 5층
마샘소래본점,인천광역시 남동구 소래역남로16번길 75(논현동)
한국가스공사 가스과학관,인천광역시 연수구 인천신항대로 960(송도동)
서울기록원,서울특별시 은평구 통일로62길 7(녹번동)
하멜전시관,전라남도 여수시 하멜로 96(종화동)
그림책미술관,전라북도 완주군 삼례읍 삼례역로 48-1
고창웰파크시티,전라북도 고창군 고창읍 석정2로 173
발포역사전시체험관,전라남도 고흥군 도화면 충무사길 101-13
서면미술관,부산광역시 부산진구 동천로 58(전포동)
별책부록,서울특별시 용산구 신흥로16길 7(용산동2가)
알부스갤러리,서울특별시 용산구 한남대로28길 26(한남동)
해양생물테마파크,경상남도 창원시 진해구 명동로 62(명동)
섬진강천적곤충관 (섬진강기차마을생태학습관),전라남도 곡성군 오곡면 기차마을로 232
함평양서파충류생태공원,전라남도 함평군 신광면 학동로 1398-9
우포잠자리나라,경상남도 창녕군 창녕읍 군청길 1
진주어린이박물관,경상남도 진주시 망경로224번길 40(망경동)
하정웅미술관(광주),광주광역시 서구 상무대로 1165
문화플랫폼 모디684,경상북도 안동시 경동로 684
스탈릿성수,서울특별시 성동구 아차산로 104 스탈릿성수
어리목탐방지원센터,제주특별자치도 제주시 1100로 2070-61 한라산국립공원관리사무소
토당문화플랫폼,경기도 고양시 덕양구 토당동 331-2
무대륙,서울특별시 마포구 토정로5길 12
위라이드 서울전차,서울특별시 중구 청계천로 40 한국관광공사 서울센터
대불호텔전시관,인천광역시 중구 신포로23번길 101
무중력지대 양천,서울특별시 양천구 오목로 359 서울청년센터 양천오랑(목동)
가람문학관,전라북도 익산시 가람1길 76 가람문학관
서울시립 미술아카이브,서울특별시 종로구 평창동148-16
루트머지,광주광역시 광산구 비아로34번길 47 루트머지주식회사
조아라기념관,광주광역시 남구 제중로46번길 3-6
4.19 민주혁명역사관,광주광역시 동구 중앙로 302 광주고등학교
지리산역사문화관,전라남도 구례군 화엄사로 377-36
한국전통음식박물관,인천광역시 남동구 만의골로 71 인천공예미술박물관
한국근대문학관,인천광역시 중구 신포로15번길 76 한국근대문학관
월미문화관,인천광역시 중구 월미로 131-22 월미문화관
안양어린이천문대,경기도 안양시 만안구 박달동5층
노랑다리미술관,경기도 가평군 청평면 고성리
송대말 등대 빛 체험전시관,경상북도 경주시 감포로 226-19
두산갤러리,서울특별시 종로구 종로33길 15(연지동)
이응노 미술관,대전광역시 서구 둔산대로 157(만년동)
소금박물관,전라남도 신안군 증도면 지도증도로 1058
유즈패밀리,서울특별시 종로구 율곡로10길 19(권농동)
포니정홀,서울특별시 강남구 영동대로 520
옛생활 체험박물관 타임캡슐,경기도 파주시 탄현면 헤이리마을길 59-63
양구백자박물관,강원특별자치도 양구군 방산면 평화로 5182
본화랑,서울특별시 종로구 자하문로 299지하1층
산청 한의학박물관,경상남도 산청군 금서면 동의보감로555번길 45-6(금서면)
춘원당한의약박물관,서울특별시 종로구 돈화문로9길 27(낙원동)
조안베어뮤지엄,제주특별자치도 서귀포시 대포로 113(대포동)
에티오피아한국전참전기념관,강원특별자치도 춘천시 이디오피아길 1(근화동)
감우재전승기념관,충청북도 음성군 음성읍 생음대로 594
가장마을,전라북도 남원시 운봉읍 가장길 4
가족올래 하추리마을,강원특별자치도 인제군 인제읍 하추로 187
가평향교,경기도 가평군 가평읍 향교로 23-1
감천동편부두,부산광역시 서구 원양로 6(암남동)
강릉 경포해수욕장,강원특별자치도 강릉시 창해로 514(안현동)
강릉 남산공원,강원특별자치도 강릉시 노암동740-1
강변공원,경상북도 김천시 강변공원길 169(교동)
고렴공원,경기도 수원시 권선구 동수원로 114(곡반정동)
고양 서삼릉(장경왕후) [유네스코 세계문화유산],경기도 고양시 덕양구 서삼릉길 233-126
고창갯벌 (전북 서해안 국가지질공원),전라북도 고창군 심원면 만돌리
광명동굴,경기도 광명시 가학로85번길 142(가학동)
광수사,대전광역시 유성구 학하서로63번길 26(계산동)
광심정,경상남도 함안군 칠북면 봉촌2길 277(칠북면)
괴산 청안 안민헌,충청북도 괴산군 청안면 청안읍내로2길 5
교동도선착장대합실,인천광역시 강화군 교동면 교동남로 466
구 선교사가옥,충청남도 공주시 쪽지골길 18-13(중학동)
구담봉.옥순봉,충청북도 단양군 단성면 월악로 3827
구덕문화공원,부산광역시 서구 꽃마을로163번길 73(서대신동3가)
구매항,충청남도 태안군 고남면 구매길 93
국망봉자연휴양림(포천),경기도 포천시 이동면 늠바위길 207-28
궁항,전라북도 부안군 변산면 격포리 720-2
금강공원에코스튜디오,강원특별자치도 영월군 영월읍 영흥리 80
김원일의 마당깊은 집,대구광역시 중구 약령길 33-10(계산동2가)
깊은산속 옹달샘,충청북도 충주시 노은면 우성1길 201-61
까막바위,강원특별자치도 동해시 묵호진동2-551
나주호,전라남도 나주시 다도면 방산리
낙산 해수욕장,강원특별자치도 양양군 강현면 해맞이길 59
낙생대공원,경기도 성남시 분당구 판교역로 75(백현동)
남가람별빛길,경상남도 진주시 강남로 320(망경동)
남부산교회,부산광역시 부산진구 진남로 300 남부산교회
내연산 12폭포 (경북 동해안 국가지질공원),경상북도 포항시 북구 송라면 보경로 53
내천못재,경상남도 합천군 율곡면 내천리(율곡면)
네이처스파,경기도 파주시 교하로 677-20(동패동)
농심테마파크(농업기술센터),충청북도 증평군 증평읍 내룡길 69-50
늘푸른공원,인천광역시 서구 국제대로 29(청라동)
다올재 협동조합,전라남도 순천시 금곡길 60(금곡동)
달빛과쉬는시간,경기도 안성시 공도읍 용머리길 9-20
대치유수지체육공원,서울특별시 강남구 역삼로90길 43(대치동)
대항선착장,부산광역시 강서구 대항동 393-3(대항동)
대화농업체험공원,경기도 고양시 일산서구 대화동 2316
덕양서원(곡성),전라남도 곡성군 오곡면 덕양서원길 42(오곡면)
덕진공원,전라북도 전주시 덕진구 권삼득로 390
도시해녀,제주 제주시 애월읍 하귀2리 1670-1
두현저수지,울산 울주군 청량읍 문죽리 1186
러쉬 이태원SPA점,서울특별시 용산구 회나무로42길 10(이태원동)
로만바스,경기도 용인시 처인구 지삼로 470(삼가동)
르꼬따쥬,강원특별자치도 강릉시 한밭골길 50-11(대전동)
리조트 스파밸리 네이처파크,대구광역시 달성군 가창면 가창로 891
매산마을 담장벽화,충청북도 음성군 감곡면 성당길 10
명월리산촌생태마을,강원특별자치도 춘천시 서면 명월길 410
명지산군립공원,경기도 가평군 북면 백둔로650번길
문래창작촌,서울특별시 영등포구 128가길 13-8
바둑이네동물원,충청남도 보령시 성주면 성주산로 673-24
바람마을 치즈체험장,강원특별자치도 평창군 대관령면 꽃밭양지길 174
반딧불마을,경기도 가평군 설악면 묵안로 182
방어진항,울산광역시 동구 성끝길 2(방어동)
방호정 감입곡류천 (청송 국가지질공원),경상북도 청송군 안덕면 방호정로 126-24
백련사(가평),경기도 가평군 상면 샘골길 159-50(상면)
백운계곡 (한탄강 유네스코 세계지질공원),경기도 포천시 이동면 도평리 35
병방치 스카이워크,강원특별자치도 정선군 정선읍 병방치길 225
봉화산,전라북도 남원시 아영면 구상리
봉황둘레길,강원특별자치도 평창군 대화면 문화택지길 21
부채바위,강원특별자치도 고성군 죽왕면 심층수길 40-3
부천 중앙공원,경기도 부천시 소향로 162
부천식물원,경기도 부천시 길주로 660(춘의동)
북리지,경기도 용인시 처인구 남사읍 형제로17번길 78
북수원온천,경기도 수원시 장안구 서부로 2139(율전동)
북평성당,강원특별자치도 동해시 오일장2길 16 (구미동)
분수광장,충청남도 보령시 신흑동 2215-1
비손농장(포항체험잇다),경상북도 포항시 북구 청하면 비학로 1889-157
비슬산 유가사,대구광역시 달성군 유가읍 유가사길 161
사라온이야기마을,대구광역시 군위군 군위읍 동서길 49
산달도,경상남도 거제시 거제면 산달길 387-17
산장관광지,경기도 가평군 상면 덕현산장길 74(상면)
삼밀사,경남 창원시 진해구 여좌동 78(여좌동)
삼척 너와마을,강원특별자치도 삼척시 도계읍 문의재로 1113
상자포리마애여래입상,경기 양평군 개군면 상자포리 산36-1
서망항,전남 진도군 임회면 남동리
서면먹자골목,부산광역시 부산진구 부전동
서천사(평택),경기도 평택시 고덕면 방축4길 22-49
서피랑공원,경남 통영시 서호동 6-1
석룡산,경기도 가평군 북면북면
석류공원,경상남도 진주시 진주대로 685(가좌동)
선돌근린공원,경기도 양주시 월정로 14(옥정동)
선암계곡(하선암),충청북도 단양군 단성면 선암계곡로 1337
선흘 동백동산,제주특별자치도 제주시 조천읍 동백로 77
선흘2리마을,제주특별자치도 제주시 조천읍 선교로 569-36
세천유원지,대전광역시 동구 세천공원로 62(세천동)
세천포구,제주특별자치도 서귀포시 남원읍 위미리 799-2
소도둑놈산촌생태마을,강원특별자치도 평창군 진부면 경강로 3346-9
소래포구해오름광장,인천광역시 남동구 아암대로 1550(논현동)
소백산국립공원(북부),충청북도 단양군 가곡면 남한강로 494
소야도,인천광역시 옹진군 덕적면 소야리 598-3
속초 설악해맞이공원,강원특별자치도 속초시 동해대로 3664(대포동)
속초해수욕장,강원특별자치도 속초시 해오름로 190(조양동)
송지호둘레길,강원특별자치도 고성군 죽왕면 동해대로 6021
쇠소깍산물관광농원,제주특별자치도 서귀포시 남원읍 하례로 90
수륙양용버스투어,충청남도 부여군 규암면 합정리 599
수성동계곡,서울특별시 종로구 옥인동 185-3(옥인동)
수원올림픽공원,경기도 수원시 권선구 효원로256번길 16(권선동)
수진공원,경기도 성남시 수정구 산성대로 41(수진동)
순수 양떼목장,강원특별자치도 평창군 대관령면 오목길 111
숲속에 동물농장,강원특별자치도 평창군 대관령면 청골길 12
食 休 耕 (식휴경),강원특별자치도 평창군 대화면 문화택지길 41-12
신대리산촌생태마을,강원특별자치도 횡성군 청일면 청일로 1241
신동입석,경상북도 칠곡군 지천면 심천로 5-7(지천면)
신북리조트 스프링폴,경기도 포천시 신북면 청신로 571
아르떼수성랜드,대구광역시 수성구 무학로 42(상동)
아차산봉수대터,서울특별시 중랑구 신내동
안산 어린이 천문대,경기도 안산시 단원구 꽃우물길 91(화정동)
안심치유정원,부산광역시 금정구 체육공원로 545(두구동)
양성계곡,경기도 안성시 양성면 양성로 659-25
양지암조각공원,경상남도 거제시 능포로 194(능포동)
양촌자연휴양림,충청남도 논산시 양촌면 매죽헌로1723번길 176-23
어비계곡,경기도 가평군 설악면 어비산길99번길 9-10
엄미리계곡,경기도 광주시 남한산성면 엄미길 27
연남동끝자락길,서울특별시 마포구 성미산로17길(연남동)
연인산도립공원,"경기도 가평군 가평읍북면, 하면"
연지못,경상남도 창녕군 영산면 서리 139-3
영국군 설마리전투 추모공원,경기도 파주시 적성면 구읍리112-1
영금정,강원특별자치도 속초시 동명항길 35(동명동)
오대산중대불량문,강원특별자치도 평창군 진부면 오대산로 374-8동산리 63-1
오대산힐링빌리지,강원특별자치도 평창군 진부면 능골길 52-77
오르다온,경기도 양평군 서종면 송골길 233
오봉정사,경기도 의왕시 고천동 191-6
오색약수골전통장,강원특별자치도 양양군 서면 백암길 66-1
오하포도농원,경기도 안성시 서운면 신능길 83-15
옥마산,충청남도 보령시 남포면 창동1길 300
와우미탄,강원특별자치도 평창군 미탄면 마하길 41-5
용인미르스타디움(용인시민체육공원),경기도 용인시 처인구 동백죽전대로 61(삼가동)
우면산 소망탑 전망대,서울특별시 서초구 서초동 419-3
우이동 먹거리마을,"서울특별시 강북구 삼양로181길 101(우이동, 우이공원유원지) 일대"
울산함,울산광역시 남구 장생포고래로 252(매암동)
웃다리문화촌,경기도 평택시 서탄면 용소금각로 438-14
원계서원,경상북도 김천시 음지마길 40-5(부곡동)
원두막주말농장,경기도 고양시 덕양구 북한산로 473-7 (효자동)
원산안면대교,충청남도 보령시 오천면 원산도리556-1
원수산습지생태원,세종특별자치시 연기면 세종리 734-4
원전선착장,경상남도 창원시 마산합포구 구산면 심리 80-16
월미문화의거리 & 달빛음악분수,인천광역시 중구 월미로 252(북성동1가)
월출산국립공원천황사지구,전라남도 영암군 군서면 도갑사로 306
유명산,"경기도 가평군 설악면,양평군 옥천면"
유명산계곡,경기도 가평군 설악면 유명산길
응천공원,충북 음성군 생극면 병암리 773
인흥서원,대구광역시 달성군 화원읍 인흥2길 26
임진각수풀누리,경기도 파주시 탑삭골1길 31-29 (상지석동)
장미공원,인천 연수구 연수동 137-40
재한유엔기념공원 (UN기념공원),부산광역시 남구 유엔평화로 93 유엔기념공원
전라남도완도자연휴양림,전라남도 완도군 완도읍 대야일구1길 115
정암해수욕장,강원특별자치도 양양군 강현면 정암리 3
정정공강사상묘역,서울특별시 관악구 난곡동
조선효종영릉재실,경기도 여주시 능서면
종학당,충청남도 논산시 노성면 종학길 35
㈜같이삽시도,충청남도 보령시 오천면 삽시도1길 83-23
주식회사 로카,경상남도 고성군 상리면 신촌리
죽도산 퇴적암 (경북 동해안 국가지질공원),경상북도 영덕군 축산면 축산항길 86-1
중앙공원,부산광역시 서구 망양로193번길 187(동대신동2가)
지장산 응회암 (한탄강 유네스코 세계지질공원),경기도 포천시 관인면 지장산길 124
진리도우선착장,인천광역시 옹진군 덕적면 덕적북로 31
진안 홍삼스파,전라북도 진안군 진안읍 외사양길 16-10
쪽박섬,경기도 안산시 단원구 쪽박섬길 102(대부남동)
창경궁 홍화문,서울특별시 종로구 창경궁로 185(와룡동)
철원 한탄강 은하수교,강원특별자치도 철원군 동송읍 장흥리 725-12
청광새들녘마을,경상남도 고성군 개천면 영회로 1296
청송 자연휴양림 퇴적암층 (청송 국가지질공원),경상북도 청송군 부남면 청송로 3478-96(부남면)
청천호 둘레길,충청남도 보령시 청라면 의평리783-2
추도(여수),전라남도 여수시 화정면 추도길 1
추화산성,경남 밀양시 교동 62-3(교동)
춘천시 반려견놀이터 같이놀개,강원특별자치도 춘천시 영서로 3282
칼봉산자연휴양림,경기도 가평군 가평읍 경반안로 454
코코몽팜빌리지,경기도 남양주시 조안면 북한강로 881
"태하 해안산책로 및 대풍감 (울릉도, 독도 국가지질공원)",경상북도 울릉군 서면 태하리
평창 수항리사지,강원특별자치도 평창군 진부면 수항절터길 147수항리 143
평창 의야지 바람마을,강원특별자치도 평창군 대관령면 사부랑길 8
포레스트벨,경기도 용인시 처인구 원삼면 맹리로 85-1
포천 산정호수,경기도 포천시 영북면 산정호수로411번길 104
포천 허브힐링센터,경기도 포천시 신북면 청신로947번길 35
푸른길분수공원,광주광역시 동구 동명로67번길 22-44(산수동)
하길체육공원,경기도 화성시 향남읍 하길리 1409-1
하존티마을,경상남도 하동군 청암면 하존길 51
한옥카페 청천,경상북도 성주군 칠봉2길 36-16 청천서원
한천서원,대구광역시 달성군 가창면 가창동로 117(가창면)
한탄강 지질공원센터,경기도 포천시 영북면 비둘기낭길 55
할아버지동물농장,경기도 화성시 우정읍 배미길 50
행주산성,경기도 고양시 덕양구 행주로15번길 89
행주산성 역사공원,경기도 고양시 덕양구 행주외동 140-8
헤븐온어,경기도 용인시 처인구 원삼면 이원로1116번길 42-4
현등산(운악산),경기 가평군 하면 운악청계로 589번길 73하면
협동조합문화와함께 (구 문화누리 원삼),경기도 용인시 처인구 원삼면 원양로 364
홍법사(부산),부산광역시 금정구 두구로33번길 202(두구동)
화성수촌교회,경기도 화성시 장안면 수촌큰말길 32
화순 고인돌 장동응회암 (무등산권 국가지질공원),전라남도 화순군 도곡면 고인돌1로 180
화악터널쌈지공원,경기도 가평군 북면 화악산로 1550
화야산,경기 가평군 청평면 삼회리청평면
화적연 (한탄강 유네스코 세계지질공원),경기도 포천시 관인면 사정리
화정중앙공원,경기도 고양시 덕양구 화신로 266-1 (화정동)
화진포소나무숲산림욕장,강원특별자치도 고성군 거진읍 화진포길 258-115
효석문학 100리길,강원특별자치도 평창군 봉평면 애강나무길 14
휘닉스찜질방 힐링센터,강원특별자치도 평창군 봉평면 태기로 306-7
흥부골자연휴양림,전라북도 남원시 인월면 인월리 산53-1
가섭암지 마애여래삼존입상,경상남도 거창군 위천면 상천리산6-2번지
가회동성당,서울특별시 종로구 북촌로 57(가회동)
강천섬,경기도 여주시 강천면 강천리
개화예술공원,충청남도 보령시 성주면 성주산로 673-47
거제 쌍근어촌체험마을,경상남도 거제시 남부면 남부해안로 1094
거제도해초쑥 영농조합법인,경상남도 거제시 아주1로 96-1(아주동)
거창 요수정,경상남도 거창군 위천면 은하리길 100
거창 황금원숭이마을,경상남도 거창군 위천면 상천길 50-159
거창 황산리 신씨고가,경상남도 거창군 위천면 황산1길 109-5(위천면)
거창 황산마을 옛 담장,경상남도 거창군 위천면 황산1길 109-5
건계정,경상남도 거창군 거창읍 거안로 1173-21
경인아라뱃길귤현나루,인천광역시 계양구 정서진로 1247(귤현동)
경주 양동마을 [유네스코 세계문화유산],경상북도 경주시 강동면 양동마을길 134
고대산자연휴양림,경기도 연천군 신서면 대광리
고래뿌리선착장,경기도 안산시 단원구 대부남동 529-2
고창 고인돌 유적 [유네스코 세계문화유산],전라북도 고창군 고인돌공원길 74 고인돌박물관
고창 무장현 관아와 읍성,전라북도 고창군 무장면 무장읍성길 45(무장면)
광교산체육공원,경기도 용인시 수지구 고기동
광안리해변 테마거리,부산광역시 수영구 민락동(민락동)
구노량마을(노량어촌체험마을),경상남도 하동군 금남면 노량해안길 175-17
구례 관광특구,전라남도 구례군 마산면 화엄사로 539
구례 운조루 고택,전라남도 구례군 토지면 운조루길 59
구룡사,강원특별자치도 원주시 소초면 구룡사로 500
구봉산근린공원,경기도 화성시 병점동
구상반려암 (부산 국가지질공원),부산광역시 부산진구 전포동
구영해수욕장,경남 거제시 장목면 거제북로
국군광주병원,광주광역시 서구 상무대로 1028-1(화정동)
국동항,전라남도 여수시 어항단지로 116(국동)
군산 신흥동 일본식가옥(히로쓰 가옥),전라북도 군산시 구영1길 17
금곡사,경상북도 경주시 안강읍 두류길 758
금곡영화마을,전라남도 장성군 영화마을길 254-7 종합복지센타
금련산,부산광역시 수영구 광안동산60-3
금원산,경상남도 거창군 북상면 창성리(일대)
금장대,경상북도 경주시 동대로 123(석장동)
금전산,전라남도 순천시 낙안면 상송리
나대용생가및묘소,전라남도 나주시 문평면 오륜길 28-5
나로도항,전라남도 고흥군 봉래면 나로도항길 128
나주 구진포 장어거리,전라남도 나주시 다시면 가운리
나주 반남 고분군,전라남도 나주시 반남면
나주 복암리 고분군,전라남도 나주시 다시면 백호로 287
나주 완사천,전라남도 나주시 송월동
나주향교,전라남도 나주시 향교길 38(교동)
남양체육공원,경기도 화성시 남양읍 남양리
남원 추어탕 거리,전라북도 남원시 천거동(천거동)
남원랜드,전라북도 남원시 양림길 58-13 (어현동)
너른공원,경기도 화성시 남양읍 남양리
넛출선착장,인천광역시 옹진군 영흥면 선재리 636-6
노작공원,경기도 화성시 석우동
늘해랑누리길 (치유의숲),경상남도 거창군 가조면 의상봉길 830
능내근린공원,인천광역시 서구 검단로540번길 41(마전동)
다람산공원,경기도 화성시 진안동
다산 문화공원,경상북도 고령군 다산면 사문나루1길 17
단양 방곡도깨비마을,충청북도 단양군 대강면 선암계곡로 148
달빛소리 수목원,전라북도 익산시 춘포면 천서길 149
달오름마을,전라북도 남원시 인월면 인월서길 42
달창지벚꽃길,대구광역시 달성군 유가면 비슬로34길 27(한정리 일원)
달콤딸기농장,경기도 화성시 반월동
대나무골 테마공원,전라남도 담양군 금성면 비내동길 148
대부도 흘곶 어촌체험 마을,경기도 안산시 단원구 대남로 618(대부남동)
대비마을,경상남도 하동군 화개면 정금리 747
대포리민씨고가,경상남도 산청군 생초면 명지대포로236번길 7
대항갯벌체험,전라북도 부안군 변산면 변산로 1906
덕유산국립공원(남덕유분소),"경남 거창군 북상면 소정리, 병곡리, 산수 월성리"
도그스포지움 송추점,경기도 양주시 호국로 542-20
도솔계곡(선운산),전라북도 고창군 아산면 선운사로 250
도장포유람선,경상남도 거제시 남부면 도장포1길 55
동대구역광장,대구광역시 동구 동대구로 550(신암동)
동일리포구,제주특별자치도 서귀포시 대정읍 동일하모로98번길 14-32
동해생명자원센터,강원특별자치도 양양군 손양면 동명로 119
런닝맨 강릉점,강원특별자치도 강릉시 창해로 307 세인트존스 호텔세인트존스호텔 파인동 2층
마음정원,경기도 남양주시 조안면 송촌리739-1
마이돈테마공원,전라북도 진안군 진안읍 마이산로 130
마치광장,대전광역시 서구 구봉로131번길 27(관저동)
만지배밭,경상남도 하동군 하동읍 화심리1162
망덕포구,전라남도 광양시 진월면 망덕리 845-1
머드광장,충청남도 보령시 해수욕장10길 5(신흑동)
모곡공원,경기도 평택시 산단로52번길 21(모곡동)
목5동성당,서울특별시 양천구 목동동로 353(목동)
목도강수욕장,충청북도 괴산군 불정면 목도리 864-19
목포 관광특구,"전남 목포시북항, 유달산, 개항장권역, 삼학도, 갓바위, 평화광장 일원"
무봉산,경기도 화성시 중동산129-6
무열사(나주),전라남도 나주시 다시면 무숙로 637-31
문동폭포,경상남도 거제시 문동폭포길 107(문동동)
문학산,인천광역시 미추홀구 문학길70번길 70(문학동)
물맑음수목원,경기도 남양주시 수동면 지둔로307번길 47-4
물안개공원,경기도 양평군 양평읍 물안개공원길 37
물안해수욕장,경상남도 거제시 하청면 칠천로 973-1
미륵사(나주),전라남도 나주시 봉황면 세남로 408-64(봉황면)
미천서원,전라남도 나주시 미천서원길 14-11(안창동)
밀양호,경상남도 밀양시 단장면 고례리 310
배미꾸미조각공원,인천광역시 옹진군 북도면 모도로140번길 41
백운사(광양),전라남도 광양시 옥룡면 백운사길 352(옥룡면)
버드나무 브루어리,강원특별자치도 강릉시 경강로 1961(홍제동)
베어트리파크,세종특별자치시 전동면 신송로 217
보광사(광양),전라남도 광양시 광양읍 서북4길 30
복만네,경상북도 칠곡군 가산면 가산로 108-10
복천사,부산광역시 영도구 산정길 41 (신선동3가)
봉강사,전라남도 나주시 문평면 오룡리
봉원사(서울),서울특별시 서대문구 봉원사길 120(봉원동)
부산역 풍물거리,부산광역시 동구 초량동
부영공원,인천광역시 부평구 안남로 146(산곡동)
비금도,전라남도 신안군 비금면 죽림리
비밀의정원,강원특별자치도 인제군 남면 갑둔리 산 122-3
사양제,전라북도 진안군 진안읍 마이산로 228-10
서봉산산림욕장,경기도 화성시 봉담읍 덕리산3-1
서산B지구방조제,충청남도 홍성군 서부면 남당항로 934-14
서운암,경상남도 양산시 하북면 통도사로 108
"서울 구 벨기에영사관(현, 서울시립미술관 남서울생활미술관)",서울특별시 관악구 남부순환로 2076
석모도 자연휴양림,인천광역시 강화군 삼산면 삼산서로 39-75
선운정사,제주특별자치도 제주시 애월읍 구몰동길 65
세병공원,전북 전주시 덕진구 송천동2가 1316
센트럴곤충생태농장,경기도 화성시 정남면 보통리
소래산 내원사,경기도 시흥시 서해안로 1541-15(신천동)
속초설악 삼포비치바이크 고성점,강원특별자치도 고성군 죽왕면 삼포해변길 9
수달관찰대,전라남도 구례군 토지면 금내리
수락폭포,전라남도 구례군 수락길 73
순천 송광사 천자암 쌍향수(곱향나무),전라남도 순천시 송광면 천자암길 105
알프스마을,충청남도 청양군 정산면 천장호길 223-35
양천해누리체육공원,서울특별시 양천구 안양천로 711(신정동)
여차 홍포전망대,경상남도 거제시 남부면 다포리산 38-145
"여차,홍포간 해안도로",경남 거제시 남부면 다포리 산 21-2
연수사(거창),경상남도 거창군 남상면 연수사길 115-103
영도어울림문화공원,부산광역시 영도구 함지로79번길 6 (동삼동)
영산포 등대,전라남도 나주시 등대길 80
영산포 홍어거리,전라남도 나주시 영산동
영일대 호수공원,경상북도 포항시 남구 행복길75번길 11(대잠동)
영일대해수욕장,경상북도 포항시 북구 해안로 95(두호동)
영주암(부산),부산광역시 수영구 망미배산로76번나길 15(망미동)
예크생물원,경기도 여주시 흥천면 신근리
오남호수공원,경기도 남양주시 오남읍 팔현로 98
오포생활체육공원,경기도 광주시 오포읍 양촌길 77
옥천암(서울),서울특별시 서대문구 홍지문길 1-38
외도와현유람선,경상남도 거제시 일운면 와현해변길 46
용평리조트,강원특별자치도 평창군 대관령면 올림픽로 715
용화사(담양),전라남도 담양군 담양읍 남촌길 77
우석농원,경기도 양주시 장흥면 삼상리
우암동 도시 숲,부산광역시 남구 우암동 127-142
운흥사(나주),전라남도 나주시 다도면 암정로 398
울산어린이천문대,울산광역시 울주군 범서읍 지지1길 100
원적산체육공원,인천광역시 부평구 원적로269번길 72(산곡동)
월미도해양관광  (월미도유람선),인천광역시 중구 월미문화로 21(북성동1가)
월평포구,제주특별자치도 서귀포시 말질로 462(월평동)
유구벽화거리,충청남도 공주시 유구읍 시장길 34-5
유정농촌체험휴양마을,전라북도 장수군 번암면 남양길 12
의령구름다리,경상남도 의령군 의령읍 서동리 644-1
이송도전망대,부산광역시 영도구 절영로 246-36 (영선동4가)
이포보전망대,경기도 여주시 대신면 천서리
인월담,전라북도 무주군 설천면 삼공리
임경대,경상남도 양산시 원동면 원동로 285
자란도,경상남도 고성군 하일면 송천리(하일면)
자유로CC,경기도 연천군 백학면 노아로297번길 179-55
장사도 유람선,경상남도 거제시 남부면 근포1길 71
장항마을,전라북도 남원시 산내면 장항안길 8-1
정혜사(순천),전라남도 순천시 서면 정혜사길 32(서면)
조규승가옥,강원특별자치도 양양군 현남면 개매길 215-5
조안면체육공원,경기도 남양주시 조안면 진중리146
조양동 선사유적지,강원특별자치도 속초시 조양동 1529
좌수영성지,부산광역시 수영구 수영성로 43(수영동)
주니어천문스쿨 동탄점,경기도 화성시 중동
죽림해수욕장,경상남도 거제시 거제면 오수리
중군마을,전라북도 남원시 인월면 인월로 73
중리노을전망대,부산광역시 영도구 중리북로 5 (동삼동)
중리항 방파제 등대,부산광역시 영도구 중리남로 2-15 (동삼동)
중화유원지(중화지),경상북도 고령군 대가야읍 중화리
증산공원,부산광역시 동구 성북로36번길 46 (범일동)
진해유람선,경상남도 창원시 진해구 진희로 36(제황산동)
창녕 우포늪,경상남도 창녕군 유어면 우포늪길 220
청계천,서울특별시 종로구 창신동
초록산산림욕장,경기도 화성시 양감면 사창리 810-9
초록향기,경기도 남양주시 조안면 진중리
축령산 휴양림,전라남도 장성군 서삼면 모암리 569-5
충무사,전라남도 순천시 해룡면 신성2길 145(해룡면)
치악산국립공원,강원특별자치도 원주시 소초면 무쇠점2길 26
칠포해오름전망대,포항시 북구 흥해읍 칠포리 산2-2
카페도자기마을,경기도 남양주시 조안면 북한강로433번길 37
탑동유원지,경기도 동두천시 탑신로 126(탑동동)
태릉.강릉,서울특별시 노원구 화랑로 681
테미공원,대전광역시 중구 보문로199번길 37-36(대흥동)
파도마을,전라남도 구례군 토지면 파도리
파주팜랜드,경기도 파주시 탄현면 새오리로 318-34
파평체육공원,경기도 파주시 파평면 눌노리
팔영산자연휴양림,전라남도 고흥군 영남면 팔영로 1347-418(영남면)
평촌마을,경상남도 하동군 청암면 청학로 679-8
표충사 우리아이 마음숲 놀이터,경상남도 밀양시 단장면 구천리305-1
하늘빛수목원,전라남도 장흥군 용산면 장흥대로 2746
하동 야생차박물관 체험관(야생차체험),경상남도 하동군 화개면 쌍계로 571-25
한국전통음식문화체험관(정강원),강원특별자치도 평창군 용평면 금당계곡로 2010-13(용평면)
한지생각이닥,인천광역시 중구 우현로35번길 14-1(신포동)
해돋이전망대,부산광역시 영도구 해돋이3길 410-1 (청학동)
해마루공원,경상북도 구미시 해마루공원로 86(옥계동)
행궁동 벽화마을,경기도 수원시 팔달구 화서문로72번길 9-6(북수동)
행담도,충청남도 당진시 신평면 서해안고속도로 275
향림사(순천),전라남도 순천시 조비길 36(석현동)
홍건익가옥,서울특별시 종로구 필운대로1길 14-4(필운동)
홍제천 폭포마당,서울특별시 서대문구 연희동 170-181
화엄사계곡,전라남도 구례군 마산면 화엄사로 539
황포해수욕장,경상남도 거제시 장목면 황포1길
효석 달빛언덕,강원특별자치도 평창군 봉평면 효석문학길 54
흑산도,전라남도 신안군 흑산면 진마을길 11
흥륜사(순천),전라남도 순천시 장대길 102
가산산성마을,경상북도 칠곡군 가산면 가산로 891
가산수변공원,경상남도 양산시 동면 가산리 799
가인 김병로 생가터,전라북도 순창군 복흥면 하리길 160(복흥면)
거림계곡,경상남도 산청군 시천면 세석길
경상감영공원,대구광역시 중구 경상감영길 99(포정동)
경안근린공원,경기도 광주시 경안로98번길 30(경안동)
경주민속공예촌,경상북도 경주시 보불로 230(하동)
경희천문대,경기도 용인시 기흥구 덕영대로 1732(서천동)
고려궁지,인천광역시 강화군 강화읍 북문길 42
고파도,충청남도 서산시 팔봉면 고파도2길 10
곤지암리조트,경기도 광주시 도척면 도척윗로 278
공룡공원,대구광역시 남구 용두2길 43(봉덕동)
관덕정의 각궁,광주광역시 남구 사직길 49
관음사(제주),제주특별자치도 제주시 산록북로 660(아라일동)
광석대 (무등산권 국가지질공원),광주광역시 북구 무등로 1550(금곡동)
광주폴리,광주광역시 북구 비엔날레로 111(용봉동)
교하중앙공원,경기도 파주시 숲속노을로 256(동패동)
구로시장,서울특별시 구로구 구로동로22길 17-4(구로동)
구리 왕숙체육공원,경기도 구리시 왕숙천로 701(사노동)
국립 지리산자연휴양림,경상남도 함양군 마천면 음정길 152
국립백두대간수목원,경상북도 봉화군 춘양면 춘양로 1501
국립수목원(광릉숲),경기도 포천시 광릉수목원로 415
국립양평치유의숲,경기도 양평군 양동면 황거길 262-10
국립장성숲체원,전라남도 장성군 방장로 353 방장산자연휴양림관리사무소
국제시장 먹자골목,부산광역시 중구 중구로 36
국채보상운동기념공원,대구광역시 중구 공평로10길 25 대구광역시립중앙도서관
궁평항,경기도 화성시 서신면 궁평항로 1069-17
금정선원,부산광역시 동래구 우장춘로 157-59(온천동)
기지제 수변공원,전라북도 전주시 덕진구 장동 1094
꽃절(화암사),충청북도 음성군 원남면 보덕로 330
꿀벌나라테마공원,경상북도 칠곡군 석적읍 강변대로 1580-1
낙양물사랑공원,경기도 의정부시 용민로 205(낙양동)
남사예담촌,경상남도 산청군 단성면 지리산대로2897번길 10
남산 팔각정,서울 중구 예장동 8-1
남악서원,경상남도 진주시 금곡면 죽곡길 102
남양주한강변시민공원,경기도 남양주시 와부읍 덕소로2번길 15
남평문씨본리세거지,대구광역시 달성군 화원읍 인흥3길 16
남한산성도립공원 [유네스코 세계문화유산],경기도 광주시 남한산성면 남한산성로 731
남해 은점어촌체험마을,경상남도 남해군 삼동면 동부대로942번길 34-9(삼동면)
능포수변공원,경상남도 거제시 능포로15길 32(능포동)
달성노을공원,대구 달성군 논공읍 하리 899
달천계곡(창원),경상남도 창원시 의창구 북면 달천길 145
대기 농촌체험휴양마을,경상남도 합천군 가회면 대기2길 17-3
대둔산도립공원(금산),충청남도 금산군 진산면 대둔산로 2
대부도 종현마을,경기도 안산시 단원구 구봉길 240
대성사(대구),대구광역시 중구 북성로 19-1(서야동)
대흥사(진천),충청북도 진천군 진천읍 문진로 1300-80(진천읍)
덕강서원,경상북도 영천시 화산면 신화로 933-16
독바위공원,경기도 양주시 옥정동 889
동대문역사문화공원,서울특별시 중구 을지로 281(을지로7가)
동백호수공원,경기도 용인시 기흥구 동백중앙로 239(중동)
마금산원탕,경상남도 창원시 의창구 북면 천주로 1167
매미성,경상남도 거제시 장목면 복항길
메타세콰이어길,충청남도 공주시 의당면 의당로 216
무등산국립공원,전라남도 화순군 화순읍 중지길 200
무안 감풀마을 [농촌전통테마],전라남도 무안군 현경면 석북길 91-66
물안뜰체험관,충청북도 진천군 백곡면 백곡로 964
민주화운동기념공원,경기도 이천시 모가면 공원로 30
바람새마을 소풍정원,경기도 평택시 고덕면 궁리
방곡 도예촌,충청북도 단양군 대강면 선암계곡로 133
방화수류정(동북각루),경기도 수원시 팔달구 수원천로392번길 44-6(매향동)
백수해안공원,전남 영광군 백수읍 백암리 223-2
백인제가옥,서울특별시 종로구 북촌로7길 16(가회동)
백제문화단지,충청남도 부여군 규암면 백제문로 455
벌영리 메타세콰이어길,경상북도 영덕군 영해면
벽련암(정읍),전라북도 정읍시 내장산로 1220-74(내장동)
별내체육공원,경기도 남양주시 순화궁로 449(별내동)
보라매공원,대전광역시 서구 둔산북로90번길 60(둔산동)
보령 성주사지,충청남도 보령시 성주면 심원계곡로 99
보성녹차 시배지,전라남도 보성군 문덕면 죽산길 506-8
보원장탄온천,경기도 구리시 안골로 79(수택동)
보현사(청도),경상북도 청도군 청도읍 앞산공원길 14(청도읍)
복하천수변공원,경기도 이천시 경충대로2422번길 17(진리동)
봉무공원,대구광역시 동구 팔공로50길 66(봉무동)
봉서사(완주),전라북도 완주군 용진읍 봉서안길 313
봉화 금강소나무림,경상북도 봉화군 소천면 청옥로일대
부귀 메타세쿼이아길,전라북도 진안군 부귀면 모래재로 841
부산 치유의 숲,부산광역시 기장군 철마면 철마천로 101
부안청림천문대,전라북도 부안군 상서면 노적길 25
북서울 꿈의숲,서울특별시 강북구 월계로 173
분천 산타마을,경상북도 봉화군 소천면 분천길 49
불국사,서울특별시 강남구 광평로10길 30-71(일원동)
불정자연휴양림,경상북도 문경시 불정길 180(불정동)
비봉공룡공원,전라남도 보성군 득량면 공룡로 822-51
쁘띠프랑스,경기도 가평군 청평면 호반로 1063
사나사 계곡,경기도 양평군 옥천면 용천로 1082-12
산방산유람선,제주특별자치도 서귀포시 안덕면 화순해안로106번길 16
산외한우마을,전라북도 정읍시 산외면 산외로 450
삼길포항,충청남도 서산시 대산읍 삼길포1로 72-2
삼학도,전라남도 목포시 삼학로92번길일원
상리공원,대구광역시 서구 중리동 산198-3
서귀포 가시리마을 (녹산로 유채꽃도로),제주특별자치도 서귀포시 표선면 가시로565번길 20
서상항,경상남도 남해군 서면 서상리 1316-6
서울 구 러시아공사관,서울특별시 중구 정동길 21-18정동공원
서울식물원 호수공원,서울특별시 강서구 마곡동로 161(마곡동)
서호꽃뫼공원,경기도 수원시 팔달구 수성로 100(화서동)
석모도 칠면초 군락지,인천광역시 강화군 삼산면매음리 쉼터와 보문선착장 사이 해변도로 근처
선납숲공원,경기도 화성시 동탄영천로 108-10(영천동)
선암호수공원,울산광역시 남구 선암호수길 104
선운산 생태숲,전라북도 고창군 아산면 선운사로 158-6(아산면)
선재도(선재도 어촌체험마을),인천광역시 옹진군 영흥면
설봉공원,경기도 이천시 경충대로2709번길 128
성철대종사생가(겁외사),경상남도 산청군 단성면 성철로 125
송덕암(서산),충청남도 서산시 해미면 큰골로 11-84
송상현광장,부산광역시 부산진구 동성로112번길 121-1(전포동)
송석정유원지,"전라남도 화순군 이양면 강정길 68(이양면,송석정)"
수성패밀리파크,대구광역시 수성구 팔현길 88-46(고모동)
수지체육공원,경기도 용인시 수지구 신수로683번길 31(풍덕천동)
수치해안,경상남도 창원시 진해구
쉬미항,전라남도 진도군 진도읍 서부해안로 411
스파플러스,경기도 이천시 중리천로115번길 45
스포츠몬스터 안성,경기도 안성시 공도읍 서동대로 3930-39
신둔사(청도),경상북도 청도군 화양읍 화양남산길 355
신산공원,제주특별자치도 제주시 신산로 92-12(일도이동)
신의연효자각,전라북도 진안군 백운면 평노길 117
실리도,경상남도 창원시 마산합포구 구산면 실리섬길 25
안동 가송마을,경상북도 안동시 도산면 퇴계로 3236-40
안성 미리내마을,경기도 안성시 양성면 미산1길 2
양산디자인공원,경상남도 양산시 물금읍 백호로 23
양평 맑은숲캠프,경기도 양평군 청운면 오목골길 33
어사리 노을공원,충청남도 홍성군 서부면 남당항자전거길 53
연무대(동장대),경기도 수원시 팔달구 창룡대로103번길 20(매향동)
연지공원,경상남도 김해시 금관대로1368번길 7(내동)
연평도,인천광역시 옹진군 연평면 연평중앙로24번길 3(연평면사무소)
영명사(칠곡),경상북도 칠곡군 북삼읍 금오동천로 84(북삼읍)
영양 두들마을,경상북도 영양군 석보면 두들마을길 98
영천 별빛마을,경상북도 영천시 화북면 정각길 22
예천천문우주센터,경상북도 예천군 충효로 1078
옥포공원,경상남도 거제시 옥포동 산71-21(옥포동)
완주 고산 놀토피아,전라북도 완주군 고산면 대아저수로 416
용화사(김천),경상북도 김천시 봉산면 봉산1로 160(봉산면)
용화사(진천),충청북도 진천군 진천읍 소강정1길 83
운곡서원(음성),충청북도 음성군 삼성면 청용로365번길 22
울릉도 유람선,경상북도 울릉군 울릉읍 도동길 14
울진 후포항,경상북도 울진군 후포면 등기산길 29
웅도어촌체험마을,충청남도 서산시 대산읍 웅도리
원산도,충청남도 보령시 오천면 원산도3길 37
원호루,대구광역시 달성군 현풍면 현풍동로 92
월전장어구이촌,부산광역시 기장군 기장읍 죽성리 154-21
월하성어촌체험마을,충청남도 서천군 서면 월하성길 96
월화원,경기도 수원시 팔달구 인계동
음성 하당골녹색체험마을,충청북도 음성군 원남면 하초로 74
의성 산운생태공원,경상북도 의성군 금성면 수정사길 19
의좋은형제공원,충청남도 예산군 대흥면 의좋은형제길 3
이상화 고택,대구광역시 중구 서성로 6-1(계산동2가)
이순신광장,전라남도 여수시 중앙로 74(중앙동)
이순신순국공원,경상남도 남해군 고현면 남해대로3883번길 100
이천농업테마공원,경기도 이천시 모가면 공원로 48
이천온천공원,경기도 이천시 애련정로136번길 84(창전동)
이현공원,대구 서구 이현동 산119
인천항 갑문,인천광역시 중구 월미로 376(북성동1가)
일자산자연공원,서울특별시 강동구 동남로 660일대
임진강 독개다리,경기도 파주시 문산읍 마정리 1400-5
자연과별천문대,경기도 가평군 북면 백둔로342번길 115-33
작원관지,경상남도 밀양시 삼랑진읍 검세리
잘산대대박마을,충청북도 보은군 산외면 내북산외로 661
장흥 키조개마을,전라남도 장흥군 안양면 수문용곡로 107
전주전통한지원,전라북도 전주시 완산구 한지길 100-10(풍남동3가)
정암사,서울특별시 노원구 덕릉로94길 127(중계동)
제주 무지개해안도로,제주 제주시 도두일동 1734
제주도예촌,제주특별자치도 서귀포시 대정읍 암반수마농로441번길 3
조령산자연휴양림,충청북도 괴산군 연풍면 새재로 1795
주남저수지(철새도래지),경상남도 창원시 의창구 동읍 주남로101번길 26(동읍) 일원
중보들공원,경기도 수원시 권선구 오목천로 272(고색동)
지리산 원천마을(남원),전라북도 남원시 산내면 산내원천길 33(산내면)
지리산국립공원(하동),경상남도 하동군 화개면 화개로일원
지리산역사관,경상남도 하동군 화개로 1438 지리산역사관
진해루해변공원,경상남도 창원시 진해구 진희로 142(경화동)
천보사(경기),경기도 남양주시 불암산로 145 불암산천보사
청원 연꽃마을,충청북도 청주시 흥덕구 강내면 궁현연꽃2길 33-6
초암사(영주),경상북도 영주시 순흥면 죽계로315번길 330(순흥면)
초월생활체육공원,경기도 광주시 초월읍 산수로 38-3
초의선사 유적지,전라남도 무안군 삼향읍 초의길 30
카포레,경기도 양평군 강하면 강남로 458
코끼리바위,경상남도 사천시 향촌동 676-1(향촌동)
"코끼리바위 (울릉도, 독도 국가지질공원)",경상북도 울릉군 북면 현포리
키즈오토파크,서울특별시 광진구 능동로 216(능동)
태봉사(익산),전라북도 익산시 삼기면 연동리 150(삼기면)
파도소리길,경상북도 경주시 양남면 읍천리 405-5
파주라기파크,경기도 파주시 회동길 390(문발동)
파주출판단지근린공원,경기도 파주시 직지길 469(문발동)
파회계곡,전라북도 무주군 설천면 심곡리
판문점,경기도 파주시 문산읍 임진각로 148-40
팽성레포츠공원,경기도 평택시 팽성읍 안정로 238-31
평택시농업생태원,경기도 평택시 오성면 청오로 33-58
포도향이 흐르는 마을,경기도 가평군 상면 음지말로 6
포천로컬푸드 파머스마켓,경기도 포천시 호국로 886
하피랜드,경기도 화성시 팔탄면 시청로 888
한택식물원,경기도 용인시 처인구 백암면 한택로 2
한터 조랑말농장,경기도 용인시 처인구 대대로 110 한터조랑말목장
향천사(예산),충청남도 예산군 예산읍 향천사로 117-20(예산읍)
허브천문공원,서울 강동구 둔촌동 산86(둔촌동)
호천마을,부산광역시 부산진구 엄광로 491(범천동)
홍난파 생가,경기도 화성시 남양읍 홍난파길 32
홍파동 홍난파 가옥,서울특별시 종로구 송월1길 38(홍파동)
화랑유원지,경기도 안산시 단원구 동산로 268
화사별서(조씨고가),경상남도 하동군 악양면 정서리
화성 가시리마을,경기도 화성시 남양읍 남양서로348번길 9
효행공원,경기도 수원시 장안구 경수대로 1274(파장동)
휴정서원,충청남도 논산시 부적면 신풍길 87
24시 마린낚시(전곡항 24 마린낚시),경기도 화성시 서신면 전곡항로 317
007흥정계곡 반딧불 캠핑장,강원특별자치도 평창군 봉평면 흥정계곡4길 161-12
BABO글램핑,경상남도 산청군 생비량면 상능로150번길 178
